Test Case	Status	Run Time (ms)	Memory Usage (bytes)	Error Message
0	Success 游릭	20.798921585083008	281	
1	Success 游릭	19.678115844726562	342	
2	Success 游릭	17.99297332763672	342	
3	Success 游릭	18.21303367614746	343	
4	Success 游릭	17.968177795410156	338	
