Test Case	Status	Run Time (ms)	Memory Usage (bytes)	Error Message
0	Success 游릭	50.40287971496582	181	
1	Success 游릭	52.58297920227051	175	
2	Success 游릭	53.65705490112305	196	
3	Success 游릭	50.427913665771484	184	
4	Success 游릭	56.54335021972656	184	
