Test Case	Status	Run Time (ms)	Memory Usage (bytes)	Error Message
0	Success 游릭	19.830942153930664	344	
1	Success 游릭	18.91183853149414	338	
2	Success 游릭	20.97010612487793	359	
3	Success 游릭	20.018815994262695	347	
4	Success 游릭	20.245790481567383	347	
