Test Case	Status	Run Time (ms)	Memory Usage (bytes)	Error Message
0	Success 游릭	19.97065544128418	344	
1	Success 游릭	19.759178161621094	338	
2	Success 游릭	19.30999755859375	359	
3	Success 游릭	19.416093826293945	347	
4	Success 游릭	19.38796043395996	347	
