Test Case	Status	Run Time (ms)	Memory Usage (bytes)	Error Message
0	Success 游릭	20.545244216918945	281	
1	Success 游릭	18.48006248474121	339	
2	Success 游릭	18.152952194213867	339	
3	Success 游릭	17.51399040222168	340	
4	Success 游릭	23.624897003173828	339	
