Test Case	Status	Run Time (ms)	Memory Usage (bytes)	Error Message
0	Success 游릭	21.769046783447266	340	
1	Success 游릭	20.6758975982666	339	
2	Success 游릭	19.831180572509766	339	
3	Success 游릭	19.924163818359375	340	
4	Success 游릭	25.28095245361328	339	
