Test Case	Status	Run Time (ms)	Memory Usage (bytes)	Error Message
0	Success 游릭	21.975040435791016	294	
1	Success 游릭	20.366191864013672	294	
2	Success 游릭	20.220041275024414	294	
3	Success 游릭	20.10798454284668	294	
4	Success 游릭	20.169973373413086	294	
