Test Case	Status	Run Time (ms)	Memory Usage (bytes)	Error Message
0	Success 游릭	52.77204513549805	123	
1	Success 游릭	56.205034255981445	123	
2	Success 游릭	54.30126190185547	123	
3	Success 游릭	52.37984657287598	123	
4	Success 游릭	52.94013023376465	123	
