Test Case	Status	Run Time (ms)	Memory Usage (bytes)	Error Message
0	Success 游릭	20.849227905273438	294	
1	Success 游릭	20.055055618286133	294	
2	Success 游릭	19.498109817504883	294	
3	Success 游릭	19.212961196899414	294	
4	Success 游릭	19.280195236206055	294	
