Test Case	Status	Run Time (ms)	Memory Usage (bytes)	Error Message
0	Success 游릭	21.292686462402344	340	
1	Success 游릭	20.061254501342773	339	
2	Success 游릭	18.402814865112305	338	
3	Success 游릭	18.764019012451172	342	
4	Success 游릭	18.477201461791992	344	
