Test Case	Status	Run Time (ms)	Memory Usage (bytes)	Error Message
0	Success 游릭	19.906997680664062	339	
1	Success 游릭	20.685195922851562	337	
2	Success 游릭	19.52528953552246	339	
3	Success 游릭	19.394874572753906	339	
4	Success 游릭	18.990755081176758	340	
