Test Case	Status	Run Time (ms)	Memory Usage (bytes)	Error Message
0	Success 游릭	52.92201042175293	177	
1	Success 游릭	49.48997497558594	176	
2	Success 游릭	54.05092239379883	175	
3	Success 游릭	54.7490119934082	179	
4	Success 游릭	52.779197692871094	181	
