Test Case	Status	Run Time (ms)	Memory Usage (bytes)	Error Message
0	Success 游릭	51.31697654724121	176	
1	Success 游릭	49.59893226623535	174	
2	Success 游릭	52.2458553314209	176	
3	Success 游릭	54.60786819458008	176	
4	Success 游릭	52.574872970581055	177	
