Test Case	Status	Run Time (ms)	Memory Usage (bytes)	Error Message
0	Success 游릭	22.523164749145508	340	
1	Success 游릭	17.822980880737305	339	
2	Success 游릭	17.65608787536621	338	
3	Success 游릭	17.669200897216797	342	
4	Success 游릭	17.28200912475586	344	
