Test Case	Status	Run Time (ms)	Memory Usage (bytes)	Error Message
0	Success 游릭	19.95992660522461	339	
1	Success 游릭	19.22893524169922	337	
2	Success 游릭	19.002676010131836	339	
3	Success 游릭	19.045114517211914	339	
4	Success 游릭	19.098758697509766	340	
