Test Case	Status	Run Time (ms)	Memory Usage (bytes)	Error Message
0	Success 游릭	19.585847854614258	294	
1	Success 游릭	18.761873245239258	235	
2	Success 游릭	18.986940383911133	294	
3	Success 游릭	19.110918045043945	294	
4	Success 游릭	19.791126251220703	294	
