Test Case	Status	Run Time (ms)	Memory Usage (bytes)	Error Message
0	Success 游릭	55.06610870361328	123	
1	Success 游릭	53.787946701049805	123	
2	Success 游릭	53.69710922241211	123	
3	Success 游릭	51.698923110961914	123	
4	Success 游릭	54.52394485473633	123	
