Test Case	Status	Run Time (ms)	Memory Usage (bytes)	Error Message
0	Success 游릭	21.9268798828125	294	
1	Success 游릭	19.774198532104492	294	
2	Success 游릭	19.283056259155273	294	
3	Success 游릭	19.547224044799805	294	
4	Success 游릭	21.06785774230957	294	
