Test Case	Status	Run Time (ms)	Memory Usage (bytes)	Error Message
0	Success 游릭	21.70085906982422	294	
1	Success 游릭	19.427061080932617	338	
2	Success 游릭	18.244028091430664	338	
3	Success 游릭	18.826007843017578	294	
4	Success 游릭	18.629789352416992	339	
