Test Case	Status	Run Time (ms)	Memory Usage (bytes)	Error Message
0	Success 游릭	17.494916915893555	294	
1	Success 游릭	17.165184020996094	338	
2	Success 游릭	17.10796356201172	338	
3	Success 游릭	17.44675636291504	294	
4	Success 游릭	17.27008819580078	339	
