Test Case	Status	Run Time (ms)	Memory Usage (bytes)	Error Message
0	Success 游릭	52.07705497741699	123	
1	Success 游릭	53.765058517456055	175	
2	Success 游릭	51.232099533081055	175	
3	Success 游릭	49.76511001586914	123	
4	Success 游릭	52.49476432800293	176	
