Test Case	Status	Run Time (ms)	Memory Usage (bytes)	Error Message
0	Success 游릭	53.440093994140625	190	
1	Success 游릭	51.405906677246094	174	
2	Success 游릭	54.19301986694336	175	
3	Success 游릭	51.41401290893555	193	
4	Success 游릭	49.87478256225586	182	
