Test Case	Status	Run Time (ms)	Memory Usage (bytes)	Error Message
0	Success 游릭	20.01500129699707	353	
1	Success 游릭	18.986940383911133	337	
2	Success 游릭	18.882036209106445	338	
3	Success 游릭	18.671035766601562	356	
4	Success 游릭	18.665075302124023	345	
