Test Case	Status	Run Time (ms)	Memory Usage (bytes)	Error Message
0	Success 游릭	21.610021591186523	359	
1	Success 游릭	21.142959594726562	337	
2	Success 游릭	20.99895477294922	337	
3	Success 游릭	20.509958267211914	356	
4	Success 游릭	21.619319915771484	345	
