Test Case	Status	Run Time (ms)	Memory Usage (bytes)	Error Message
0	Success 游릭	60.20998954772949	196	
1	Success 游릭	61.99502944946289	174	
2	Success 游릭	58.18295478820801	174	
3	Success 游릭	56.34307861328125	193	
4	Success 游릭	56.780099868774414	182	
