Test Case	Status	Run Time (ms)	Memory Usage (bytes)	Error Message
0	Success 游릭	21.010875701904297	353	
1	Success 游릭	20.502090454101562	337	
2	Success 游릭	21.00086212158203	338	
3	Success 游릭	20.4007625579834	356	
4	Success 游릭	19.81210708618164	345	
