Test Case	Status	Run Time (ms)	Memory Usage (bytes)	Error Message
0	Success 游릭	21.54684066772461	359	
1	Success 游릭	20.99299430847168	337	
2	Success 游릭	21.249055862426758	337	
3	Success 游릭	21.15011215209961	356	
4	Success 游릭	20.595073699951172	345	
