Test Case	Status	Run Time (ms)	Memory Usage (bytes)	Error Message
0	Success 游릭	17.290830612182617	340	
1	Success 游릭	17.375946044921875	339	
2	Success 游릭	17.20404624938965	339	
3	Success 游릭	17.3490047454834	339	
4	Success 游릭	17.127037048339844	340	
