Test Case	Status	Run Time (ms)	Memory Usage (bytes)	Error Message
0	Success 游릭	19.312143325805664	340	
1	Success 游릭	18.902063369750977	339	
2	Success 游릭	18.18990707397461	339	
3	Success 游릭	18.470287322998047	339	
4	Success 游릭	18.259286880493164	340	
