Test Case	Status	Run Time (ms)	Memory Usage (bytes)	Error Message
0	Success 游릭	49.096107482910156	177	
1	Success 游릭	47.80983924865723	176	
2	Success 游릭	50.05598068237305	176	
3	Success 游릭	49.94511604309082	176	
4	Success 游릭	50.14324188232422	177	
