Test Case	Status	Run Time (ms)	Memory Usage (bytes)	Error Message
0	Success 游릭	19.748210906982422	338	
1	Success 游릭	18.899917602539062	339	
2	Success 游릭	19.154787063598633	337	
3	Success 游릭	19.1800594329834	294	
4	Success 游릭	18.80502700805664	294	
