Test Case	Status	Run Time (ms)	Memory Usage (bytes)	Error Message
0	Success 游릭	17.46511459350586	279	
1	Success 游릭	17.411231994628906	280	
2	Success 游릭	17.025232315063477	278	
3	Success 游릭	18.331050872802734	294	
4	Success 游릭	21.492958068847656	294	
