Test Case	Status	Run Time (ms)	Memory Usage (bytes)	Error Message
0	Success 游릭	57.926177978515625	175	
1	Success 游릭	55.30595779418945	176	
2	Success 游릭	52.86288261413574	174	
3	Success 游릭	55.32693862915039	123	
4	Success 游릭	49.98493194580078	123	
