Test Case	Status	Run Time (ms)	Memory Usage (bytes)	Error Message
0	Success 游릭	18.1729793548584	294	
1	Success 游릭	17.74883270263672	337	
2	Success 游릭	17.811059951782227	339	
3	Success 游릭	17.712116241455078	337	
4	Success 游릭	17.626047134399414	337	
