Test Case	Status	Run Time (ms)	Memory Usage (bytes)	Error Message
0	Success 游릭	51.84793472290039	123	
1	Success 游릭	50.64797401428223	174	
2	Success 游릭	49.462080001831055	176	
3	Success 游릭	50.93097686767578	174	
4	Success 游릭	47.88780212402344	174	
