Test Case	Status	Run Time (ms)	Memory Usage (bytes)	Error Message
0	Success 游릭	18.332242965698242	294	
1	Success 游릭	17.538070678710938	337	
2	Success 游릭	17.396211624145508	339	
3	Success 游릭	17.672061920166016	337	
4	Success 游릭	16.895055770874023	337	
