Test Case	Status	Run Time (ms)	Memory Usage (bytes)	Error Message
0	Success 游릭	33.38789939880371	337	
1	Success 游릭	21.284103393554688	339	
2	Success 游릭	18.259048461914062	287	
3	Success 游릭	18.26310157775879	339	
4	Success 游릭	18.519878387451172	291	
