Test Case	Status	Run Time (ms)	Memory Usage (bytes)	Error Message
0	Success 游릭	18.51511001586914	278	
1	Success 游릭	17.874956130981445	339	
2	Success 游릭	17.50016212463379	287	
3	Success 游릭	17.462730407714844	280	
4	Success 游릭	17.53997802734375	291	
