Test Case	Status	Run Time (ms)	Memory Usage (bytes)	Error Message
0	Success 游릭	55.93109130859375	174	
1	Success 游릭	56.62417411804199	175	
2	Success 游릭	55.500030517578125	176	
3	Success 游릭	55.32121658325195	123	
4	Success 游릭	52.29687690734863	123	
