Test Case	Status	Run Time (ms)	Memory Usage (bytes)	Error Message
0	Success 游릭	17.184019088745117	337	
1	Success 游릭	17.175912857055664	338	
2	Success 游릭	18.07713508605957	339	
3	Success 游릭	18.728971481323242	294	
4	Success 游릭	18.249034881591797	294	
