Test Case	Status	Run Time (ms)	Memory Usage (bytes)	Error Message
0	Success 游릭	19.76609230041504	337	
1	Success 游릭	19.292831420898438	338	
2	Success 游릭	18.88585090637207	339	
3	Success 游릭	18.9208984375	294	
4	Success 游릭	18.765926361083984	294	
