Test Case	Status	Run Time (ms)	Memory Usage (bytes)	Error Message
0	Success 游릭	25.48980712890625	294	
1	Success 游릭	29.20699119567871	294	
2	Success 游릭	22.721052169799805	337	
3	Success 游릭	24.551868438720703	294	
4	Success 游릭	23.93817901611328	294	
