Test Case	Status	Run Time (ms)	Memory Usage (bytes)	Error Message
0	Success 游릭	19.095182418823242	294	
1	Success 游릭	18.758773803710938	294	
2	Success 游릭	18.53799819946289	337	
3	Success 游릭	18.540620803833008	294	
4	Success 游릭	18.496036529541016	294	
