Test Case	Status	Run Time (ms)	Memory Usage (bytes)	Error Message
0	Success 游릭	65.74892997741699	123	
1	Success 游릭	63.49921226501465	123	
2	Success 游릭	57.90400505065918	174	
3	Success 游릭	55.20796775817871	123	
4	Success 游릭	53.021907806396484	123	
