Test Case	Status	Run Time (ms)	Memory Usage (bytes)	Error Message
0	Success 游릭	21.867990493774414	429	
1	Success 游릭	19.385099411010742	365	
2	Success 游릭	19.103050231933594	365	
3	Success 游릭	19.011735916137695	365	
4	Success 游릭	18.671035766601562	365	
