Test Case	Status	Run Time (ms)	Memory Usage (bytes)	Error Message
0	Success 游릭	49.31902885437012	178	
1	Success 游릭	47.39189147949219	178	
2	Success 游릭	49.581050872802734	178	
3	Success 游릭	49.0870475769043	178	
4	Success 游릭	49.62301254272461	178	
