Test Case	Status	Run Time (ms)	Memory Usage (bytes)	Error Message
0	Success 游릭	22.89581298828125	370	
1	Success 游릭	19.232749938964844	365	
2	Success 游릭	18.845796585083008	365	
3	Success 游릭	18.599271774291992	365	
4	Success 游릭	18.3560848236084	365	
