Test Case	Status	Run Time (ms)	Memory Usage (bytes)	Error Message
0	Success 游릭	23.066043853759766	344	
1	Success 游릭	22.07207679748535	338	
2	Success 游릭	22.500038146972656	359	
3	Success 游릭	22.016048431396484	347	
4	Success 游릭	21.584272384643555	347	
