Test Case	Status	Run Time (ms)	Memory Usage (bytes)	Error Message
0	Success 游릭	54.461002349853516	181	
1	Success 游릭	51.115989685058594	175	
2	Success 游릭	52.89602279663086	196	
3	Success 游릭	51.40399932861328	184	
4	Success 游릭	51.071882247924805	184	
