Test Case	Status	Run Time (ms)	Memory Usage (bytes)	Error Message
0	Success 游릭	19.016027450561523	340	
1	Success 游릭	18.308162689208984	339	
2	Success 游릭	17.95816421508789	339	
3	Success 游릭	17.637014389038086	340	
4	Success 游릭	24.396657943725586	339	
