Test Case	Status	Run Time (ms)	Memory Usage (bytes)	Error Message
0	Success 游릭	53.075313568115234	123	
1	Success 游릭	51.00297927856445	123	
2	Success 游릭	53.842782974243164	123	
3	Success 游릭	51.58805847167969	123	
4	Success 游릭	52.25086212158203	123	
