Test Case	Status	Run Time (ms)	Memory Usage (bytes)	Error Message
0	Success 游릭	23.236751556396484	294	
1	Success 游릭	23.014068603515625	294	
2	Success 游릭	22.83000946044922	294	
3	Success 游릭	21.615982055664062	294	
4	Success 游릭	21.310091018676758	294	
