Test Case	Status	Run Time (ms)	Memory Usage (bytes)	Error Message
0	Success 游릭	50.69589614868164	176	
1	Success 游릭	51.31697654724121	174	
2	Success 游릭	51.63693428039551	176	
3	Success 游릭	52.278995513916016	176	
4	Success 游릭	51.172733306884766	177	
