Test Case	Status	Run Time (ms)	Memory Usage (bytes)	Error Message
0	Success 游릭	18.513917922973633	294	
1	Success 游릭	18.625736236572266	294	
2	Success 游릭	18.133163452148438	294	
3	Success 游릭	23.324012756347656	294	
4	Success 游릭	30.717134475708008	294	
