Test Case	Status	Run Time (ms)	Memory Usage (bytes)	Error Message
0	Success 游릭	20.12491226196289	339	
1	Success 游릭	20.481109619140625	337	
2	Success 游릭	20.84803581237793	339	
3	Success 游릭	19.515275955200195	339	
4	Success 游릭	19.08564567565918	340	
