Test Case	Status	Run Time (ms)	Memory Usage (bytes)	Error Message
0	Success 游릭	52.73890495300293	177	
1	Success 游릭	51.612138748168945	176	
2	Success 游릭	55.63473701477051	175	
3	Success 游릭	63.239097595214844	179	
4	Success 游릭	56.9000244140625	181	
