Test Case	Status	Run Time (ms)	Memory Usage (bytes)	Error Message
0	Success 游릭	52.191972732543945	123	
1	Success 游릭	49.74508285522461	123	
2	Success 游릭	50.16207695007324	123	
3	Success 游릭	47.451019287109375	123	
4	Success 游릭	47.818899154663086	123	
