Test Case	Status	Run Time (ms)	Memory Usage (bytes)	Error Message
0	Success 游릭	19.348859786987305	340	
1	Success 游릭	19.09327507019043	339	
2	Success 游릭	18.55635643005371	338	
3	Success 游릭	18.545866012573242	342	
4	Success 游릭	18.444061279296875	344	
