Test Case	Status	Run Time (ms)	Memory Usage (bytes)	Error Message
0	Success 游릭	52.68406867980957	123	
1	Success 游릭	53.25508117675781	175	
2	Success 游릭	53.91287803649902	175	
3	Success 游릭	50.02403259277344	123	
4	Success 游릭	51.28192901611328	176	
