Test Case	Status	Run Time (ms)	Memory Usage (bytes)	Error Message
0	Success 游릭	22.885799407958984	294	
1	Success 游릭	23.962974548339844	338	
2	Success 游릭	20.250320434570312	338	
3	Success 游릭	19.756078720092773	294	
4	Success 游릭	21.13199234008789	339	
