Test Case	Status	Run Time (ms)	Memory Usage (bytes)	Error Message
0	Success 游릭	22.644996643066406	359	
1	Success 游릭	22.23515510559082	337	
2	Success 游릭	21.934032440185547	337	
3	Success 游릭	21.387100219726562	356	
4	Success 游릭	22.881031036376953	345	
