Test Case	Status	Run Time (ms)	Memory Usage (bytes)	Error Message
0	Success 游릭	58.98594856262207	190	
1	Success 游릭	53.50804328918457	174	
2	Success 游릭	48.63595962524414	175	
3	Success 游릭	55.59206008911133	193	
4	Success 游릭	54.45098876953125	182	
