Test Case	Status	Run Time (ms)	Memory Usage (bytes)	Error Message
0	Success 游릭	67.72613525390625	196	
1	Success 游릭	65.62185287475586	174	
2	Success 游릭	66.83802604675293	174	
3	Success 游릭	59.39507484436035	193	
4	Success 游릭	63.094139099121094	182	
