Test Case	Status	Run Time (ms)	Memory Usage (bytes)	Error Message
0	Success 游릭	24.682044982910156	353	
1	Success 游릭	25.053977966308594	337	
2	Success 游릭	22.0029354095459	338	
3	Success 游릭	21.147727966308594	356	
4	Success 游릭	20.89977264404297	345	
