Test Case	Status	Run Time (ms)	Memory Usage (bytes)	Error Message
0	Success 游릭	18.449068069458008	340	
1	Success 游릭	17.611980438232422	339	
2	Success 游릭	17.638206481933594	339	
3	Success 游릭	18.40996742248535	339	
4	Success 游릭	17.76289939880371	340	
