Test Case	Status	Run Time (ms)	Memory Usage (bytes)	Error Message
0	Success 游릭	67.7330493927002	177	
1	Success 游릭	58.271169662475586	176	
2	Success 游릭	53.11083793640137	176	
3	Success 游릭	49.96490478515625	176	
4	Success 游릭	50.499916076660156	177	
