Test Case	Status	Run Time (ms)	Memory Usage (bytes)	Error Message
0	Success 游릭	61.94591522216797	175	
1	Success 游릭	57.86705017089844	176	
2	Success 游릭	56.355953216552734	174	
3	Success 游릭	71.48194313049316	123	
4	Success 游릭	73.60601425170898	123	
