Test Case	Status	Run Time (ms)	Memory Usage (bytes)	Error Message
0	Success 游릭	18.92709732055664	338	
1	Success 游릭	18.24808120727539	339	
2	Success 游릭	18.34702491760254	337	
3	Success 游릭	18.17917823791504	294	
4	Success 游릭	19.182920455932617	294	
