Test Case	Status	Run Time (ms)	Memory Usage (bytes)	Error Message
0	Success 游릭	50.17280578613281	123	
1	Success 游릭	50.1101016998291	174	
2	Success 游릭	53.442955017089844	176	
3	Success 游릭	54.58211898803711	174	
4	Success 游릭	55.12285232543945	174	
