Test Case	Status	Run Time (ms)	Memory Usage (bytes)	Error Message
0	Success 游릭	22.946834564208984	294	
1	Success 游릭	26.187896728515625	337	
2	Success 游릭	22.22895622253418	339	
3	Success 游릭	21.291017532348633	337	
4	Success 游릭	20.92289924621582	337	
