Test Case	Status	Run Time (ms)	Memory Usage (bytes)	Error Message
0	Success 游릭	18.764019012451172	337	
1	Success 游릭	18.646955490112305	339	
2	Success 游릭	18.690824508666992	346	
3	Success 游릭	18.559932708740234	280	
4	Success 游릭	18.326997756958008	350	
