Test Case	Status	Run Time (ms)	Memory Usage (bytes)	Error Message
0	Success 游릭	19.29330825805664	337	
1	Success 游릭	18.8291072845459	338	
2	Success 游릭	18.56398582458496	339	
3	Success 游릭	19.5767879486084	235	
4	Success 游릭	19.026994705200195	235	
