Test Case	Status	Run Time (ms)	Memory Usage (bytes)	Error Message
0	Success 游릭	55.480003356933594	174	
1	Success 游릭	56.09703063964844	175	
2	Success 游릭	54.41713333129883	176	
3	Success 游릭	50.80604553222656	123	
4	Success 游릭	55.505990982055664	123	
