Test Case	Status	Run Time (ms)	Memory Usage (bytes)	Error Message
0	Success 游릭	49.963951110839844	123	
1	Success 游릭	54.605960845947266	123	
2	Success 游릭	49.39603805541992	174	
3	Success 游릭	49.28112030029297	123	
4	Success 游릭	54.266929626464844	123	
