Test Case	Status	Run Time (ms)	Memory Usage (bytes)	Error Message
0	Success 游릭	27.183055877685547	294	
1	Success 游릭	22.675037384033203	294	
2	Success 游릭	41.55111312866211	337	
3	Success 游릭	22.160053253173828	294	
4	Success 游릭	21.358013153076172	235	
