Test Case	Status	Run Time (ms)	Memory Usage (bytes)	Error Message
0	Success 游릭	20.184040069580078	341	
1	Success 游릭	19.740819931030273	341	
2	Success 游릭	19.15121078491211	341	
3	Success 游릭	18.646955490112305	341	
4	Success 游릭	19.81186866760254	341	
