Test Case	Status	Run Time (ms)	Memory Usage (bytes)	Error Message
0	Success 游릭	49.56197738647461	178	
1	Success 游릭	50.41313171386719	178	
2	Success 游릭	50.042152404785156	178	
3	Success 游릭	47.374725341796875	178	
4	Success 游릭	47.2722053527832	178	
