Test Case	Status	Run Time (ms)	Memory Usage (bytes)	Error Message
0	Success 游릭	20.018815994262695	344	
1	Success 游릭	19.93393898010254	338	
2	Success 游릭	19.916057586669922	359	
3	Success 游릭	20.09296417236328	347	
4	Success 游릭	19.893884658813477	347	
