Test Case	Status	Run Time (ms)	Memory Usage (bytes)	Error Message
0	Success 游릭	50.012826919555664	181	
1	Success 游릭	54.19802665710449	175	
2	Success 游릭	49.008846282958984	196	
3	Success 游릭	52.19674110412598	184	
4	Success 游릭	48.78115653991699	184	
