Test Case	Status	Run Time (ms)	Memory Usage (bytes)	Error Message
0	Success 游릭	18.85199546813965	344	
1	Success 游릭	18.5699462890625	338	
2	Success 游릭	19.076824188232422	359	
3	Success 游릭	18.800973892211914	347	
4	Success 游릭	18.69487762451172	347	
