Test Case	Status	Run Time (ms)	Memory Usage (bytes)	Error Message
0	Success 游릭	17.80986785888672	340	
1	Success 游릭	17.919063568115234	342	
2	Success 游릭	18.751144409179688	342	
3	Success 游릭	18.57900619506836	343	
4	Success 游릭	17.711162567138672	338	
