Test Case	Status	Run Time (ms)	Memory Usage (bytes)	Error Message
0	Success 游릭	18.667936325073242	340	
1	Success 游릭	18.815994262695312	339	
2	Success 游릭	18.970966339111328	339	
3	Success 游릭	18.792152404785156	340	
4	Success 游릭	25.87127685546875	339	
