Test Case	Status	Run Time (ms)	Memory Usage (bytes)	Error Message
0	Success 游릭	18.3260440826416	340	
1	Success 游릭	17.63629913330078	339	
2	Success 游릭	17.652034759521484	339	
3	Success 游릭	17.795801162719727	340	
4	Success 游릭	23.956775665283203	339	
