Test Case	Status	Run Time (ms)	Memory Usage (bytes)	Error Message
0	Success 游릭	55.73010444641113	123	
1	Success 游릭	50.55737495422363	123	
2	Success 游릭	50.96912384033203	123	
3	Success 游릭	50.85396766662598	123	
4	Success 游릭	51.90777778625488	123	
