Test Case	Status	Run Time (ms)	Memory Usage (bytes)	Error Message
0	Success 游릭	20.144939422607422	294	
1	Success 游릭	20.186185836791992	294	
2	Success 游릭	19.6380615234375	294	
3	Success 游릭	19.848346710205078	294	
4	Success 游릭	19.757986068725586	294	
