Test Case	Status	Run Time (ms)	Memory Usage (bytes)	Error Message
0	Success 游릭	19.145965576171875	294	
1	Success 游릭	18.898963928222656	294	
2	Success 游릭	18.645048141479492	294	
3	Success 游릭	18.707990646362305	294	
4	Success 游릭	18.54395866394043	294	
