Test Case	Status	Run Time (ms)	Memory Usage (bytes)	Error Message
0	Success 游릭	19.002914428710938	294	
1	Success 游릭	25.954246520996094	294	
2	Success 游릭	22.710084915161133	294	
3	Success 游릭	21.735191345214844	294	
4	Success 游릭	19.31905746459961	294	
