Test Case	Status	Run Time (ms)	Memory Usage (bytes)	Error Message
0	Success 游릭	19.227027893066406	294	
1	Success 游릭	18.53489875793457	294	
2	Success 游릭	17.807722091674805	294	
3	Success 游릭	17.759084701538086	294	
4	Success 游릭	17.70758628845215	294	
