Test Case	Status	Run Time (ms)	Memory Usage (bytes)	Error Message
0	Success 游릭	18.848180770874023	340	
1	Success 游릭	19.074201583862305	339	
2	Success 游릭	18.50605010986328	338	
3	Success 游릭	19.453763961791992	342	
4	Success 游릭	19.189119338989258	344	
