Test Case	Status	Run Time (ms)	Memory Usage (bytes)	Error Message
0	Success 游릭	19.511699676513672	339	
1	Success 游릭	19.15907859802246	337	
2	Success 游릭	19.223928451538086	339	
3	Success 游릭	19.20008659362793	339	
4	Success 游릭	18.975257873535156	340	
