Test Case	Status	Run Time (ms)	Memory Usage (bytes)	Error Message
0	Success 游릭	55.502891540527344	177	
1	Success 游릭	50.05812644958496	176	
2	Success 游릭	50.14300346374512	175	
3	Success 游릭	49.612998962402344	179	
4	Success 游릭	50.797224044799805	181	
