Test Case	Status	Run Time (ms)	Memory Usage (bytes)	Error Message
0	Success 游릭	50.77695846557617	176	
1	Success 游릭	50.03809928894043	174	
2	Success 游릭	54.672956466674805	176	
3	Success 游릭	50.7659912109375	176	
4	Success 游릭	50.434112548828125	177	
