Test Case	Status	Run Time (ms)	Memory Usage (bytes)	Error Message
0	Success 游릭	50.23002624511719	123	
1	Success 游릭	47.85609245300293	123	
2	Success 游릭	48.644065856933594	123	
3	Success 游릭	48.04825782775879	123	
4	Success 游릭	48.29907417297363	123	
