Test Case	Status	Run Time (ms)	Memory Usage (bytes)	Error Message
0	Success 游릭	19.130945205688477	339	
1	Success 游릭	19.15597915649414	337	
2	Success 游릭	19.46282386779785	339	
3	Success 游릭	19.026994705200195	339	
4	Success 游릭	18.9669132232666	340	
