Test Case	Status	Run Time (ms)	Memory Usage (bytes)	Error Message
0	Success 游릭	17.0590877532959	340	
1	Success 游릭	16.813993453979492	339	
2	Success 游릭	17.56906509399414	338	
3	Success 游릭	17.4100399017334	342	
4	Success 游릭	17.097949981689453	344	
