Test Case	Status	Run Time (ms)	Memory Usage (bytes)	Error Message
0	Success 游릭	17.044782638549805	294	
1	Success 游릭	16.978740692138672	338	
2	Success 游릭	16.996145248413086	338	
3	Success 游릭	17.392873764038086	294	
4	Success 游릭	17.1661376953125	339	
