Test Case	Status	Run Time (ms)	Memory Usage (bytes)	Error Message
0	Success 游릭	53.06816101074219	123	
1	Success 游릭	54.22496795654297	175	
2	Success 游릭	50.73094367980957	175	
3	Success 游릭	53.73096466064453	123	
4	Success 游릭	50.753116607666016	176	
