Test Case	Status	Run Time (ms)	Memory Usage (bytes)	Error Message
0	Success 游릭	18.891096115112305	294	
1	Success 游릭	17.90165901184082	338	
2	Success 游릭	17.998218536376953	338	
3	Success 游릭	18.74995231628418	294	
4	Success 游릭	18.21589469909668	339	
