Test Case	Status	Run Time (ms)	Memory Usage (bytes)	Error Message
0	Success 游릭	52.86693572998047	598	
1	Success 游릭	54.50773239135742	174	
2	Success 游릭	51.161766052246094	175	
3	Success 游릭	50.728797912597656	193	
4	Success 游릭	48.29573631286621	182	
