Test Case	Status	Run Time (ms)	Memory Usage (bytes)	Error Message
0	Success 游릭	19.53291893005371	359	
1	Success 游릭	19.183874130249023	337	
2	Success 游릭	19.256114959716797	337	
3	Success 游릭	19.377946853637695	356	
4	Success 游릭	19.101858139038086	345	
