Test Case	Status	Run Time (ms)	Memory Usage (bytes)	Error Message
0	Success 游릭	20.124197006225586	353	
1	Success 游릭	22.212743759155273	337	
2	Success 游릭	19.487380981445312	338	
3	Success 游릭	19.924163818359375	356	
4	Success 游릭	19.48404312133789	345	
