Test Case	Status	Run Time (ms)	Memory Usage (bytes)	Error Message
0	Success 游릭	59.61799621582031	196	
1	Success 游릭	60.95099449157715	174	
2	Success 游릭	67.13175773620605	174	
3	Success 游릭	64.4521713256836	193	
4	Success 游릭	59.22579765319824	182	
