Test Case	Status	Run Time (ms)	Memory Usage (bytes)	Error Message
0	Success 游릭	18.544912338256836	353	
1	Success 游릭	19.037246704101562	337	
2	Success 游릭	18.85986328125	338	
3	Success 游릭	18.87202262878418	356	
4	Success 游릭	18.625974655151367	345	
