Test Case	Status	Run Time (ms)	Memory Usage (bytes)	Error Message
0	Success 游릭	20.973920822143555	359	
1	Success 游릭	20.621061325073242	278	
2	Success 游릭	20.795822143554688	278	
3	Success 游릭	21.22807502746582	297	
4	Success 游릭	20.722150802612305	286	
