Test Case	Status	Run Time (ms)	Memory Usage (bytes)	Error Message
0	Success 游릭	57.936906814575195	177	
1	Success 游릭	51.94687843322754	176	
2	Success 游릭	49.05819892883301	176	
3	Success 游릭	49.04007911682129	176	
4	Success 游릭	50.00185966491699	177	
