Test Case	Status	Run Time (ms)	Memory Usage (bytes)	Error Message
0	Success 游릭	17.345666885375977	340	
1	Success 游릭	17.008066177368164	339	
2	Success 游릭	17.00615882873535	339	
3	Success 游릭	17.45295524597168	339	
4	Success 游릭	17.20285415649414	340	
