Test Case	Status	Run Time (ms)	Memory Usage (bytes)	Error Message
0	Success 游릭	19.613981246948242	340	
1	Success 游릭	18.640756607055664	339	
2	Success 游릭	18.470048904418945	339	
3	Success 游릭	18.507003784179688	339	
4	Success 游릭	18.342971801757812	340	
