Test Case	Status	Run Time (ms)	Memory Usage (bytes)	Error Message
0	Success 游릭	55.71293830871582	175	
1	Success 游릭	53.04121971130371	311	
2	Success 游릭	53.1458854675293	174	
3	Success 游릭	51.99003219604492	123	
4	Success 游릭	50.668954849243164	123	
