Test Case	Status	Run Time (ms)	Memory Usage (bytes)	Error Message
0	Success 游릭	18.307209014892578	338	
1	Success 游릭	18.118858337402344	339	
2	Success 游릭	17.952919006347656	337	
3	Success 游릭	18.52107048034668	294	
4	Success 游릭	18.60213279724121	294	
