Test Case	Status	Run Time (ms)	Memory Usage (bytes)	Error Message
0	Success 游릭	17.50016212463379	338	
1	Success 游릭	17.280101776123047	339	
2	Success 游릭	17.460107803344727	337	
3	Success 游릭	17.535924911499023	294	
4	Success 游릭	17.152070999145508	294	
