Test Case	Status	Run Time (ms)	Memory Usage (bytes)	Error Message
0	Success 游릭	17.35234260559082	294	
1	Success 游릭	17.044782638549805	337	
2	Success 游릭	17.110109329223633	339	
3	Success 游릭	17.467737197875977	278	
4	Success 游릭	17.225980758666992	278	
