Test Case	Status	Run Time (ms)	Memory Usage (bytes)	Error Message
0	Success 游릭	17.523765563964844	294	
1	Success 游릭	17.07005500793457	337	
2	Success 游릭	16.957998275756836	339	
3	Success 游릭	17.56000518798828	337	
4	Success 游릭	17.4410343170166	337	
