Test Case	Status	Run Time (ms)	Memory Usage (bytes)	Error Message
0	Success 游릭	52.89912223815918	123	
1	Success 游릭	49.20506477355957	174	
2	Success 游릭	48.066139221191406	176	
3	Success 游릭	48.46906661987305	174	
4	Success 游릭	48.619985580444336	174	
