Test Case	Status	Run Time (ms)	Memory Usage (bytes)	Error Message
0	Success 游릭	18.100976943969727	337	
1	Success 游릭	18.068790435791016	339	
2	Success 游릭	18.046855926513672	346	
3	Success 游릭	17.952919006347656	339	
4	Success 游릭	17.673015594482422	350	
