Test Case	Status	Run Time (ms)	Memory Usage (bytes)	Error Message
0	Success 游릭	17.295122146606445	278	
1	Success 游릭	17.15683937072754	280	
2	Success 游릭	17.069101333618164	287	
3	Success 游릭	17.19188690185547	280	
4	Success 游릭	17.79627799987793	291	
