Test Case	Status	Run Time (ms)	Memory Usage (bytes)	Error Message
0	Success 游릭	56.5638542175293	174	
1	Success 游릭	52.7338981628418	175	
2	Success 游릭	51.50914192199707	176	
3	Success 游릭	52.924156188964844	123	
4	Success 游릭	51.20992660522461	123	
