Test Case	Status	Run Time (ms)	Memory Usage (bytes)	Error Message
0	Success 游릭	18.138885498046875	337	
1	Success 游릭	18.455982208251953	338	
2	Success 游릭	18.290996551513672	339	
3	Success 游릭	18.17011833190918	294	
4	Success 游릭	17.977237701416016	294	
