Test Case	Status	Run Time (ms)	Memory Usage (bytes)	Error Message
0	Success 游릭	19.10877227783203	337	
1	Success 游릭	19.26708221435547	338	
2	Success 游릭	19.236087799072266	339	
3	Success 游릭	19.039154052734375	294	
4	Success 游릭	19.091129302978516	294	
