Test Case	Status	Run Time (ms)	Memory Usage (bytes)	Error Message
0	Success 游릭	19.93703842163086	294	
1	Success 游릭	19.105911254882812	235	
2	Success 游릭	19.128799438476562	337	
3	Success 游릭	18.796920776367188	294	
4	Success 游릭	18.782854080200195	294	
