Test Case	Status	Run Time (ms)	Memory Usage (bytes)	Error Message
0	Success 游릭	55.00602722167969	123	
1	Success 游릭	57.505130767822266	123	
2	Success 游릭	51.24306678771973	174	
3	Success 游릭	50.98223686218262	123	
4	Success 游릭	52.92177200317383	123	
