Test Case	Status	Run Time (ms)	Memory Usage (bytes)	Error Message
0	Success 游릭	26.82018280029297	294	
1	Success 游릭	23.99897575378418	294	
2	Success 游릭	24.463176727294922	337	
3	Success 游릭	25.304079055786133	294	
4	Success 游릭	23.46014976501465	294	
