Test Case	Status	Run Time (ms)	Memory Usage (bytes)	Error Message
0	Success 游릭	17.071008682250977	341	
1	Success 游릭	16.976118087768555	341	
2	Success 游릭	17.32492446899414	341	
3	Success 游릭	17.58265495300293	282	
4	Success 游릭	17.36617088317871	341	
