Test Case	Status	Run Time (ms)	Memory Usage (bytes)	Error Message
0	Success 游릭	18.60785484313965	341	
1	Success 游릭	18.426895141601562	341	
2	Success 游릭	18.445730209350586	341	
3	Success 游릭	17.950057983398438	341	
4	Success 游릭	18.190860748291016	341	
