Test Case	Status	Run Time (ms)	Memory Usage (bytes)	Error Message
0	Success 游릭	47.71566390991211	178	
1	Success 游릭	48.00724983215332	178	
2	Success 游릭	48.130035400390625	178	
3	Success 游릭	49.67808723449707	178	
4	Success 游릭	51.14483833312988	178	
