Test Case	Status	Run Time (ms)	Memory Usage (bytes)	Error Message
0	Success 游릭	64.2240047454834	181	
1	Success 游릭	62.61706352233887	175	
2	Success 游릭	63.593149185180664	196	
3	Success 游릭	61.95831298828125	184	
4	Success 游릭	62.976837158203125	184	
