Test Case	Status	Run Time (ms)	Memory Usage (bytes)	Error Message
0	Success 游릭	65.74797630310059	123	
1	Success 游릭	64.12267684936523	123	
2	Success 游릭	64.21208381652832	123	
3	Success 游릭	62.9420280456543	123	
4	Success 游릭	62.6218318939209	123	
