Test Case	Status	Run Time (ms)	Memory Usage (bytes)	Error Message
0	Success 游릭	63.6138916015625	176	
1	Success 游릭	62.38389015197754	174	
2	Success 游릭	63.34996223449707	176	
3	Success 游릭	63.1871223449707	176	
4	Success 游릭	64.14270401000977	177	
