Test Case	Status	Run Time (ms)	Memory Usage (bytes)	Error Message
0	Success 游릭	62.770843505859375	177	
1	Success 游릭	63.26413154602051	176	
2	Success 游릭	63.70997428894043	175	
3	Success 游릭	63.658952713012695	179	
4	Success 游릭	66.57886505126953	181	
