Test Case	Status	Run Time (ms)	Memory Usage (bytes)	Error Message
0	Success 游릭	64.06188011169434	123	
1	Success 游릭	61.81812286376953	123	
2	Success 游릭	62.77608871459961	123	
3	Success 游릭	63.77696990966797	123	
4	Success 游릭	63.92025947570801	123	
