Test Case	Status	Run Time (ms)	Memory Usage (bytes)	Error Message
0	Success 游릭	70.40691375732422	123	
1	Success 游릭	66.36309623718262	175	
2	Success 游릭	66.73884391784668	175	
3	Success 游릭	75.11377334594727	123	
4	Success 游릭	72.91102409362793	176	
