Test Case	Status	Run Time (ms)	Memory Usage (bytes)	Error Message
0	Success 游릭	66.54572486877441	196	
1	Success 游릭	66.59197807312012	174	
2	Success 游릭	67.0309066772461	174	
3	Success 游릭	69.88883018493652	193	
4	Success 游릭	64.8050308227539	182	
