Test Case	Status	Run Time (ms)	Memory Usage (bytes)	Error Message
0	Success 游릭	64.08333778381348	190	
1	Success 游릭	62.882184982299805	174	
2	Success 游릭	64.99314308166504	175	
3	Success 游릭	63.44890594482422	193	
4	Success 游릭	63.86399269104004	182	
