Test Case	Status	Run Time (ms)	Memory Usage (bytes)	Error Message
0	Success 游릭	64.4989013671875	177	
1	Success 游릭	63.70711326599121	176	
2	Success 游릭	62.57367134094238	176	
3	Success 游릭	64.84317779541016	176	
4	Success 游릭	63.38095664978027	177	
