Test Case	Status	Run Time (ms)	Memory Usage (bytes)	Error Message
0	Success 游릭	63.12704086303711	175	
1	Success 游릭	62.84284591674805	176	
2	Success 游릭	64.58497047424316	174	
3	Success 游릭	64.68892097473145	123	
4	Success 游릭	66.32614135742188	123	
