Test Case	Status	Run Time (ms)	Memory Usage (bytes)	Error Message
0	Success 游릭	65.02223014831543	123	
1	Success 游릭	65.96517562866211	174	
2	Success 游릭	64.73994255065918	176	
3	Success 游릭	63.970088958740234	174	
4	Success 游릭	67.047119140625	174	
