Test Case	Status	Run Time (ms)	Memory Usage (bytes)	Error Message
0	Success 游릭	69.50807571411133	263	
1	Success 游릭	62.38603591918945	330	
2	Success 游릭	67.12198257446289	176	
3	Success 游릭	61.74635887145996	123	
4	Success 游릭	63.78293037414551	123	
