Test Case	Status	Run Time (ms)	Memory Usage (bytes)	Error Message
0	Success 游릭	64.76688385009766	123	
1	Success 游릭	65.28735160827637	123	
2	Success 游릭	64.17584419250488	174	
3	Success 游릭	64.18681144714355	123	
4	Success 游릭	64.33892250061035	123	
