Test Case	Status	Run Time (ms)	Memory Usage (bytes)	Error Message
0	Success 游릭	68.85099411010742	178	
1	Success 游릭	62.08491325378418	178	
2	Success 游릭	62.10899353027344	178	
3	Success 游릭	63.01379203796387	178	
4	Success 游릭	62.99114227294922	178	
