	Model	Success Rate	Average Runtime (ms)	Average Memory Usage (bytes)
0	Leetcode	100.00%	19.60311764705882	341.28235294117644
1	claude-3-5	100.00%	19.166588235294117	327.4823529411765
2	claude-3-7	100.00%	18.789823529411766	328.81176470588235
3	gemini-1.5	100.00%	18.29041176470588	328.7882352941176
4	mistral-nemo	100.00%	18.351764705882353	325.3176470588236
5	codestral-latest	100.00%	18.296294117647058	322.5411764705882
6	o3-mini	100.00%	23.851058823529414	337.38823529411764
7	gpt-4o-mini	78.82%	49.481529411764704	966.7176470588236
