Test Case	Status	Run Time (ms)	Memory Usage (bytes)	Error Message
0	Success 游릭	47.36495018005371	340	
1	Success 游릭	22.158145904541016	342	
2	Success 游릭	19.566059112548828	342	
3	Success 游릭	17.658710479736328	343	
4	Success 游릭	17.43292808532715	338	
