Test Case	Status	Run Time (ms)	Memory Usage (bytes)	Error Message
0	Success 游릭	37.895917892456055	340	
1	Success 游릭	31.43787384033203	339	
2	Success 游릭	31.148910522460938	339	
3	Success 游릭	25.398731231689453	340	
4	Fail 游댮	2005.7339668273926	4950	Process timed out and was terminated
