Test Case	Status	Run Time (ms)	Memory Usage (bytes)	Error Message
0	Success 游릭	38.17129135131836	340	
1	Success 游릭	23.128032684326172	339	
2	Success 游릭	21.146059036254883	339	
3	Success 游릭	19.792795181274414	340	
4	Fail 游댮	2004.5979022979736	4950	Process timed out and was terminated
