Test Case	Status	Run Time (ms)	Memory Usage (bytes)	Error Message
0	Success 游릭	36.94581985473633	294	
1	Success 游릭	27.166128158569336	294	
2	Success 游릭	26.005983352661133	294	
3	Success 游릭	26.951074600219727	294	
4	Success 游릭	32.508134841918945	294	
