Test Case	Status	Run Time (ms)	Memory Usage (bytes)	Error Message
0	Success 游릭	56.41603469848633	123	
1	Success 游릭	57.30104446411133	123	
2	Success 游릭	53.540945053100586	123	
3	Success 游릭	52.153825759887695	123	
4	Success 游릭	53.093910217285156	123	
