Test Case	Status	Run Time (ms)	Memory Usage (bytes)	Error Message
0	Success 游릭	47.33419418334961	235	
1	Success 游릭	21.704912185668945	294	
2	Success 游릭	18.684864044189453	294	
3	Success 游릭	17.64988899230957	294	
4	Success 游릭	17.246246337890625	294	
