Test Case	Status	Run Time (ms)	Memory Usage (bytes)	Error Message
0	Success 游릭	56.678056716918945	176	
1	Success 游릭	55.73701858520508	174	
2	Success 游릭	59.938907623291016	176	
3	Success 游릭	61.19894981384277	176	
4	Success 游릭	54.11887168884277	177	
