Test Case	Status	Run Time (ms)	Memory Usage (bytes)	Error Message
0	Success 游릭	23.33378791809082	294	
1	Success 游릭	19.36507225036621	294	
2	Success 游릭	19.782304763793945	294	
3	Success 游릭	19.53721046447754	294	
4	Success 游릭	19.74797248840332	294	
