Test Case	Status	Run Time (ms)	Memory Usage (bytes)	Error Message
0	Success 游릭	52.052974700927734	123	
1	Success 游릭	47.612905502319336	123	
2	Success 游릭	49.10588264465332	123	
3	Success 游릭	55.36603927612305	123	
4	Success 游릭	51.54085159301758	123	
