Test Case	Status	Run Time (ms)	Memory Usage (bytes)	Error Message
0	Success 游릭	46.42486572265625	339	
1	Success 游릭	22.18914031982422	337	
2	Success 游릭	19.996166229248047	339	
3	Success 游릭	18.11814308166504	339	
4	Success 游릭	17.349958419799805	340	
