Test Case	Status	Run Time (ms)	Memory Usage (bytes)	Error Message
0	Success 游릭	45.24111747741699	339	
1	Success 游릭	22.656917572021484	337	
2	Success 游릭	19.317150115966797	339	
3	Success 游릭	18.047809600830078	339	
4	Success 游릭	17.612934112548828	340	
