Test Case	Status	Run Time (ms)	Memory Usage (bytes)	Error Message
0	Success 游릭	39.16287422180176	294	
1	Success 游릭	29.334068298339844	294	
2	Success 游릭	27.257204055786133	294	
3	Success 游릭	27.26602554321289	294	
4	Success 游릭	25.73680877685547	294	
