Test Case	Status	Run Time (ms)	Memory Usage (bytes)	Error Message
0	Success 游릭	67.95001029968262	123	
1	Success 游릭	55.506229400634766	175	
2	Success 游릭	55.442094802856445	175	
3	Success 游릭	59.658050537109375	123	
4	Success 游릭	49.48711395263672	176	
