Test Case	Status	Run Time (ms)	Memory Usage (bytes)	Error Message
0	Success 游릭	23.812055587768555	422	
1	Success 游릭	18.62812042236328	338	
2	Success 游릭	17.281055450439453	338	
3	Success 游릭	16.981124877929688	318	
4	Success 游릭	17.541170120239258	339	
