Test Case	Status	Run Time (ms)	Memory Usage (bytes)	Error Message
0	Success 游릭	46.30136489868164	422	
1	Success 游릭	23.070812225341797	338	
2	Success 游릭	21.086931228637695	338	
3	Success 游릭	18.580913543701172	318	
4	Success 游릭	18.640995025634766	339	
