Test Case	Status	Run Time (ms)	Memory Usage (bytes)	Error Message
0	Success 游릭	50.867319107055664	468	
1	Success 游릭	23.236751556396484	339	
2	Success 游릭	20.927906036376953	339	
3	Success 游릭	23.11396598815918	339	
4	Success 游릭	35.591840744018555	364	
