Test Case	Status	Run Time (ms)	Memory Usage (bytes)	Error Message
0	Success 游릭	66.03288650512695	177	
1	Success 游릭	52.6888370513916	176	
2	Success 游릭	53.82823944091797	176	
3	Success 游릭	51.80788040161133	176	
4	Success 游릭	53.98702621459961	177	
