Test Case	Status	Run Time (ms)	Memory Usage (bytes)	Error Message
0	Success 游릭	43.311119079589844	468	
1	Success 游릭	23.790836334228516	280	
2	Success 游릭	20.565032958984375	280	
3	Success 游릭	19.311904907226562	339	
4	Success 游릭	19.671916961669922	364	
