Test Case	Status	Run Time (ms)	Memory Usage (bytes)	Error Message
0	Success 游릭	72.01790809631348	175	
1	Success 游릭	52.78897285461426	176	
2	Success 游릭	55.10115623474121	174	
3	Success 游릭	50.49395561218262	123	
4	Success 游릭	51.29504203796387	123	
