Test Case	Status	Run Time (ms)	Memory Usage (bytes)	Error Message
0	Success 游릭	50.86779594421387	338	
1	Success 游릭	23.96869659423828	339	
2	Success 游릭	20.938873291015625	337	
3	Success 游릭	18.88298988342285	294	
4	Success 游릭	17.904281616210938	318	
