Test Case	Status	Run Time (ms)	Memory Usage (bytes)	Error Message
0	Success 游릭	33.74195098876953	338	
1	Success 游릭	25.00295639038086	339	
2	Success 游릭	25.49290657043457	337	
3	Success 游릭	22.22609519958496	294	
4	Success 游릭	20.12801170349121	318	
