Test Case	Status	Run Time (ms)	Memory Usage (bytes)	Error Message
0	Success 游릭	44.74210739135742	422	
1	Success 游릭	22.456884384155273	337	
2	Success 游릭	19.3483829498291	339	
3	Success 游릭	19.475221633911133	337	
4	Success 游릭	18.390178680419922	361	
