Test Case	Status	Run Time (ms)	Memory Usage (bytes)	Error Message
0	Success 游릭	46.07796669006348	422	
1	Success 游릭	22.320985794067383	337	
2	Success 游릭	19.430875778198242	339	
3	Success 游릭	19.618988037109375	337	
4	Success 游릭	18.249988555908203	361	
