Test Case	Status	Run Time (ms)	Memory Usage (bytes)	Error Message
0	Success 游릭	55.98306655883789	123	
1	Success 游릭	49.26276206970215	174	
2	Success 游릭	49.517154693603516	176	
3	Success 游릭	49.0267276763916	174	
4	Success 游릭	50.373077392578125	174	
