Test Case	Status	Run Time (ms)	Memory Usage (bytes)	Error Message
0	Success 游릭	45.34411430358887	465	
1	Success 游릭	23.97608757019043	339	
2	Success 游릭	20.719051361083984	346	
3	Success 游릭	19.31905746459961	339	
4	Success 游릭	18.537044525146484	374	
