Test Case	Status	Run Time (ms)	Memory Usage (bytes)	Error Message
0	Success 游릭	43.18809509277344	465	
1	Success 游릭	29.04677391052246	339	
2	Success 游릭	28.835773468017578	346	
3	Success 游릭	29.270172119140625	339	
4	Success 游릭	32.4254035949707	374	
