Test Case	Status	Run Time (ms)	Memory Usage (bytes)	Error Message
0	Success 游릭	55.467844009399414	174	
1	Success 游릭	48.922061920166016	175	
2	Success 游릭	51.141977310180664	176	
3	Success 游릭	51.000118255615234	123	
4	Success 游릭	50.914764404296875	123	
