Test Case	Status	Run Time (ms)	Memory Usage (bytes)	Error Message
0	Success 游릭	46.18406295776367	465	
1	Success 游릭	22.27306365966797	338	
2	Success 游릭	19.54197883605957	339	
3	Success 游릭	18.887996673583984	294	
4	Success 游릭	18.992185592651367	318	
