Test Case	Status	Run Time (ms)	Memory Usage (bytes)	Error Message
0	Success 游릭	34.96503829956055	465	
1	Success 游릭	27.3129940032959	338	
2	Success 游릭	24.843931198120117	280	
3	Success 游릭	24.19114112854004	235	
4	Success 游릭	26.707172393798828	259	
