Test Case	Status	Run Time (ms)	Memory Usage (bytes)	Error Message
0	Success 游릭	71.87795639038086	123	
1	Success 游릭	57.485103607177734	123	
2	Success 游릭	62.764883041381836	174	
3	Success 游릭	50.950050354003906	123	
4	Success 游릭	51.361083984375	123	
