Test Case	Status	Run Time (ms)	Memory Usage (bytes)	Error Message
0	Success 游릭	44.55876350402832	294	
1	Success 游릭	28.111934661865234	294	
2	Success 游릭	26.148319244384766	337	
3	Success 游릭	25.1162052154541	294	
4	Success 游릭	24.701833724975586	294	
