Test Case	Status	Run Time (ms)	Memory Usage (bytes)	Error Message
0	Success 游릭	49.242258071899414	294	
1	Success 游릭	22.26114273071289	294	
2	Success 游릭	19.598007202148438	337	
3	Success 游릭	18.002033233642578	294	
4	Success 游릭	17.171859741210938	294	
