Test Case	Status	Run Time (ms)	Memory Usage (bytes)	Error Message
0	Success 游릭	43.8389778137207	341	
1	Success 游릭	22.97687530517578	341	
2	Success 游릭	19.54817771911621	341	
3	Success 游릭	18.742799758911133	341	
4	Fail 游댮	17.297744750976562	339	Incorrect output: None
