Test Case	Status	Run Time (ms)	Memory Usage (bytes)	Error Message
0	Success 游릭	60.57596206665039	306	
1	Success 游릭	50.309181213378906	178	
2	Success 游릭	51.666975021362305	178	
3	Success 游릭	52.66213417053223	178	
4	Fail 游댮	50.46892166137695	176	Incorrect output: None
