Test Case	Status	Run Time (ms)	Memory Usage (bytes)	Error Message
0	Success 游릭	34.538984298706055	341	
1	Success 游릭	21.139860153198242	341	
2	Success 游릭	19.14501190185547	341	
3	Success 游릭	17.371177673339844	341	
4	Fail 游댮	17.2727108001709	339	Incorrect output: None
