Test Case	Status	Run Time (ms)	Memory Usage (bytes)	Error Message
0	Success 游릭	61.93900108337402	181	
1	Success 游릭	63.73095512390137	175	
2	Success 游릭	62.116146087646484	196	
3	Success 游릭	62.853097915649414	184	
4	Success 游릭	63.076019287109375	184	
