Test Case	Status	Run Time (ms)	Memory Usage (bytes)	Error Message
0	Success 游릭	62.28303909301758	258	
1	Success 游릭	63.98200988769531	123	
2	Success 游릭	64.4979476928711	123	
3	Success 游릭	64.68987464904785	123	
4	Success 游릭	64.06092643737793	123	
