Test Case	Status	Run Time (ms)	Memory Usage (bytes)	Error Message
0	Success 游릭	62.63613700866699	123	
1	Success 游릭	63.37594985961914	123	
2	Success 游릭	63.62509727478027	123	
3	Success 游릭	61.53106689453125	123	
4	Success 游릭	62.94393539428711	123	
