Test Case	Status	Run Time (ms)	Memory Usage (bytes)	Error Message
0	Success 游릭	61.80000305175781	176	
1	Success 游릭	63.627004623413086	174	
2	Success 游릭	63.137054443359375	176	
3	Success 游릭	62.79611587524414	176	
4	Success 游릭	61.93399429321289	177	
