Test Case	Status	Run Time (ms)	Memory Usage (bytes)	Error Message
0	Success 游릭	62.93797492980957	177	
1	Success 游릭	62.84594535827637	176	
2	Success 游릭	62.947988510131836	175	
3	Success 游릭	63.11511993408203	179	
4	Success 游릭	64.85724449157715	181	
