Test Case	Status	Run Time (ms)	Memory Usage (bytes)	Error Message
0	Success 游릭	69.78988647460938	123	
1	Success 游릭	71.03204727172852	175	
2	Success 游릭	71.44594192504883	175	
3	Success 游릭	69.68808174133301	123	
4	Success 游릭	68.15528869628906	176	
