Test Case	Status	Run Time (ms)	Memory Usage (bytes)	Error Message
0	Success 游릭	63.32802772521973	190	
1	Success 游릭	63.10296058654785	174	
2	Success 游릭	63.11392784118652	175	
3	Success 游릭	62.94417381286621	193	
4	Success 游릭	63.539743423461914	182	
