Test Case	Status	Run Time (ms)	Memory Usage (bytes)	Error Message
0	Success 游릭	70.3880786895752	196	
1	Success 游릭	81.87079429626465	174	
2	Success 游릭	72.34621047973633	174	
3	Success 游릭	68.04895401000977	193	
4	Success 游릭	68.34602355957031	182	
