Test Case	Status	Run Time (ms)	Memory Usage (bytes)	Error Message
0	Success 游릭	64.68391418457031	177	
1	Success 游릭	64.01586532592773	176	
2	Success 游릭	61.470985412597656	176	
3	Success 游릭	63.507080078125	176	
4	Success 游릭	62.64686584472656	177	
