Test Case	Status	Run Time (ms)	Memory Usage (bytes)	Error Message
0	Success 游릭	66.94722175598145	175	
1	Success 游릭	67.17491149902344	176	
2	Success 游릭	69.47016716003418	174	
3	Success 游릭	64.19801712036133	123	
4	Success 游릭	68.1610107421875	123	
