Test Case	Status	Run Time (ms)	Memory Usage (bytes)	Error Message
0	Success 游릭	82.86619186401367	123	
1	Success 游릭	71.01106643676758	174	
2	Success 游릭	63.17496299743652	176	
3	Success 游릭	64.8488998413086	174	
4	Success 游릭	63.86518478393555	174	
