Test Case	Status	Run Time (ms)	Memory Usage (bytes)	Error Message
0	Success 游릭	65.07706642150879	708	
1	Success 游릭	62.68024444580078	175	
2	Success 游릭	62.02220916748047	176	
3	Success 游릭	62.233924865722656	123	
4	Success 游릭	62.8657341003418	123	
