Test Case	Status	Run Time (ms)	Memory Usage (bytes)	Error Message
0	Success 游릭	63.64583969116211	123	
1	Success 游릭	63.471078872680664	741	
2	Success 游릭	62.554121017456055	174	
3	Success 游릭	61.94186210632324	123	
4	Success 游릭	63.58790397644043	123	
