Test Case	Status	Run Time (ms)	Memory Usage (bytes)	Error Message
0	Success 游릭	62.50786781311035	178	
1	Success 游릭	71.18797302246094	178	
2	Success 游릭	64.34798240661621	178	
3	Success 游릭	68.65501403808594	178	
4	Success 游릭	69.3979263305664	178	
