Test Case	Status	Run Time (ms)	Memory Usage (bytes)	Error Message
0	Success 游릭	52.09827423095703	181	
1	Success 游릭	48.90704154968262	175	
2	Success 游릭	48.87986183166504	196	
3	Success 游릭	49.462080001831055	184	
4	Success 游릭	48.50602149963379	184	
