Test Case	Status	Run Time (ms)	Memory Usage (bytes)	Error Message
0	Success 游릭	19.967317581176758	344	
1	Success 游릭	19.81806755065918	338	
2	Success 游릭	19.472122192382812	359	
3	Success 游릭	19.608020782470703	347	
4	Success 游릭	19.19078826904297	347	
