Test Case	Status	Run Time (ms)	Memory Usage (bytes)	Error Message
0	Success 游릭	17.009973526000977	340	
1	Success 游릭	17.25292205810547	342	
2	Success 游릭	17.43483543395996	342	
3	Success 游릭	17.410993576049805	343	
4	Success 游릭	17.722129821777344	338	
