Test Case	Status	Run Time (ms)	Memory Usage (bytes)	Error Message
0	Success 游릭	20.35379409790039	344	
1	Success 游릭	20.51997184753418	338	
2	Success 游릭	20.045042037963867	359	
3	Success 游릭	20.145893096923828	347	
4	Success 游릭	20.184040069580078	347	
