Test Case	Status	Run Time (ms)	Memory Usage (bytes)	Error Message
0	Success 游릭	17.64202117919922	340	
1	Success 游릭	17.364025115966797	339	
2	Success 游릭	17.548084259033203	339	
3	Success 游릭	17.772912979125977	340	
4	Success 游릭	22.801876068115234	339	
