Test Case	Status	Run Time (ms)	Memory Usage (bytes)	Error Message
0	Success 游릭	18.851280212402344	340	
1	Success 游릭	18.220901489257812	339	
2	Success 游릭	18.482208251953125	339	
3	Success 游릭	18.718957901000977	340	
4	Success 游릭	24.547100067138672	339	
