Test Case	Status	Run Time (ms)	Memory Usage (bytes)	Error Message
0	Success 游릭	20.468950271606445	294	
1	Success 游릭	20.19190788269043	294	
2	Success 游릭	20.169973373413086	294	
3	Success 游릭	20.262718200683594	294	
4	Success 游릭	20.528793334960938	294	
