Test Case	Status	Run Time (ms)	Memory Usage (bytes)	Error Message
0	Success 游릭	51.45120620727539	123	
1	Success 游릭	47.67918586730957	123	
2	Success 游릭	50.17399787902832	123	
3	Success 游릭	51.42021179199219	123	
4	Success 游릭	49.72195625305176	123	
