Test Case	Status	Run Time (ms)	Memory Usage (bytes)	Error Message
0	Success 游릭	19.137144088745117	294	
1	Success 游릭	18.86582374572754	294	
2	Success 游릭	18.569231033325195	294	
3	Success 游릭	18.573760986328125	294	
4	Success 游릭	18.640756607055664	294	
