Test Case	Status	Run Time (ms)	Memory Usage (bytes)	Error Message
0	Success 游릭	17.29106903076172	281	
1	Success 游릭	17.17090606689453	280	
2	Success 游릭	17.03190803527832	279	
3	Success 游릭	17.13109016418457	283	
4	Success 游릭	17.157793045043945	285	
