Test Case	Status	Run Time (ms)	Memory Usage (bytes)	Error Message
0	Success 游릭	18.77880096435547	340	
1	Success 游릭	18.83697509765625	339	
2	Success 游릭	20.392179489135742	338	
3	Success 游릭	20.379304885864258	342	
4	Success 游릭	20.07889747619629	344	
