Test Case	Status	Run Time (ms)	Memory Usage (bytes)	Error Message
0	Success 游릭	63.78793716430664	177	
1	Success 游릭	56.078195571899414	176	
2	Success 游릭	59.533119201660156	175	
3	Success 游릭	56.64181709289551	179	
4	Success 游릭	53.77006530761719	181	
