Test Case	Status	Run Time (ms)	Memory Usage (bytes)	Error Message
0	Success 游릭	19.829988479614258	339	
1	Success 游릭	19.909143447875977	278	
2	Success 游릭	19.85311508178711	280	
3	Success 游릭	19.868135452270508	339	
4	Success 游릭	19.237279891967773	340	
