Test Case	Status	Run Time (ms)	Memory Usage (bytes)	Error Message
0	Success 游릭	48.61307144165039	123	
1	Success 游릭	48.19798469543457	123	
2	Success 游릭	54.837942123413086	123	
3	Success 游릭	53.18403244018555	123	
4	Success 游릭	48.95210266113281	123	
