Test Case	Status	Run Time (ms)	Memory Usage (bytes)	Error Message
0	Success 游릭	49.29828643798828	176	
1	Success 游릭	47.67584800720215	174	
2	Success 游릭	47.51300811767578	176	
3	Success 游릭	53.32303047180176	176	
4	Success 游릭	48.83098602294922	177	
