Test Case	Status	Run Time (ms)	Memory Usage (bytes)	Error Message
0	Success 游릭	19.48094367980957	339	
1	Success 游릭	19.30093765258789	278	
2	Success 游릭	19.481897354125977	339	
3	Success 游릭	19.07491683959961	339	
4	Success 游릭	19.247055053710938	340	
