Test Case	Status	Run Time (ms)	Memory Usage (bytes)	Error Message
0	Success 游릭	17.773866653442383	294	
1	Success 游릭	17.45009422302246	294	
2	Success 游릭	17.899036407470703	294	
3	Success 游릭	17.616987228393555	294	
4	Success 游릭	17.36307144165039	294	
