Test Case	Status	Run Time (ms)	Memory Usage (bytes)	Error Message
0	Success 游릭	21.36397361755371	294	
1	Success 游릭	21.98505401611328	294	
2	Success 游릭	21.570205688476562	294	
3	Success 游릭	22.888898849487305	294	
4	Success 游릭	23.453950881958008	294	
