Test Case	Status	Run Time (ms)	Memory Usage (bytes)	Error Message
0	Success 游릭	17.41313934326172	294	
1	Success 游릭	16.97397232055664	338	
2	Success 游릭	16.933917999267578	338	
3	Success 游릭	17.124176025390625	294	
4	Success 游릭	18.245220184326172	339	
