Test Case	Status	Run Time (ms)	Memory Usage (bytes)	Error Message
0	Success 游릭	51.2850284576416	123	
1	Success 游릭	51.670074462890625	175	
2	Success 游릭	50.657033920288086	175	
3	Success 游릭	51.02682113647461	123	
4	Success 游릭	50.940752029418945	176	
