Test Case	Status	Run Time (ms)	Memory Usage (bytes)	Error Message
0	Success 游릭	19.308090209960938	294	
1	Success 游릭	19.66118812561035	338	
2	Success 游릭	18.245935440063477	338	
3	Success 游릭	18.121957778930664	235	
4	Success 游릭	18.642187118530273	339	
