Test Case	Status	Run Time (ms)	Memory Usage (bytes)	Error Message
0	Success 游릭	52.06012725830078	190	
1	Success 游릭	52.05106735229492	174	
2	Success 游릭	56.85019493103027	175	
3	Success 游릭	51.82003974914551	193	
4	Success 游릭	50.774574279785156	182	
