Test Case	Status	Run Time (ms)	Memory Usage (bytes)	Error Message
0	Success 游릭	21.719694137573242	359	
1	Success 游릭	21.339893341064453	337	
2	Success 游릭	20.69878578186035	337	
3	Success 游릭	20.949125289916992	356	
4	Success 游릭	20.7369327545166	345	
