Test Case	Status	Run Time (ms)	Memory Usage (bytes)	Error Message
0	Success 游릭	20.1568603515625	353	
1	Success 游릭	19.783973693847656	337	
2	Success 游릭	19.489049911499023	338	
3	Success 游릭	19.17290687561035	356	
4	Success 游릭	19.110918045043945	345	
