Test Case	Status	Run Time (ms)	Memory Usage (bytes)	Error Message
0	Success 游릭	19.362926483154297	359	
1	Success 游릭	19.4089412689209	337	
2	Success 游릭	19.830942153930664	337	
3	Success 游릭	19.099950790405273	356	
4	Success 游릭	19.160985946655273	345	
