Test Case	Status	Run Time (ms)	Memory Usage (bytes)	Error Message
0	Success 游릭	19.299030303955078	353	
1	Success 游릭	18.999814987182617	337	
2	Success 游릭	19.23513412475586	338	
3	Success 游릭	19.20795440673828	356	
4	Success 游릭	18.71204376220703	345	
