Test Case	Status	Run Time (ms)	Memory Usage (bytes)	Error Message
0	Success 游릭	55.59420585632324	196	
1	Success 游릭	63.28606605529785	174	
2	Success 游릭	56.50210380554199	174	
3	Success 游릭	54.50010299682617	193	
4	Success 游릭	63.49802017211914	182	
