Test Case	Status	Run Time (ms)	Memory Usage (bytes)	Error Message
0	Success 游릭	17.469167709350586	340	
1	Success 游릭	17.100095748901367	339	
2	Success 游릭	17.171144485473633	339	
3	Success 游릭	17.246246337890625	339	
4	Success 游릭	17.26078987121582	340	
