Test Case	Status	Run Time (ms)	Memory Usage (bytes)	Error Message
0	Success 游릭	52.03509330749512	177	
1	Success 游릭	50.38189888000488	176	
2	Success 游릭	55.27186393737793	176	
3	Success 游릭	50.692081451416016	176	
4	Success 游릭	48.46930503845215	177	
