Test Case	Status	Run Time (ms)	Memory Usage (bytes)	Error Message
0	Success 游릭	18.59879493713379	340	
1	Success 游릭	18.617868423461914	339	
2	Success 游릭	18.62192153930664	339	
3	Success 游릭	18.35489273071289	339	
4	Success 游릭	18.433094024658203	340	
