Test Case	Status	Run Time (ms)	Memory Usage (bytes)	Error Message
0	Success 游릭	33.843994140625	338	
1	Success 游릭	25.987863540649414	339	
2	Success 游릭	19.656896591186523	337	
3	Success 游릭	19.527912139892578	294	
4	Success 游릭	19.283056259155273	294	
