Test Case	Status	Run Time (ms)	Memory Usage (bytes)	Error Message
0	Success 游릭	17.477989196777344	338	
1	Success 游릭	17.222881317138672	339	
2	Success 游릭	17.184972763061523	337	
3	Success 游릭	17.4410343170166	294	
4	Success 游릭	17.14920997619629	294	
