Test Case	Status	Run Time (ms)	Memory Usage (bytes)	Error Message
0	Success 游릭	51.41782760620117	175	
1	Success 游릭	51.27978324890137	176	
2	Success 游릭	54.57282066345215	174	
3	Success 游릭	60.088157653808594	123	
4	Success 游릭	54.502248764038086	123	
