Test Case	Status	Run Time (ms)	Memory Usage (bytes)	Error Message
0	Success 游릭	49.81398582458496	123	
1	Success 游릭	49.585819244384766	174	
2	Success 游릭	48.94113540649414	176	
3	Success 游릭	49.06797409057617	174	
4	Success 游릭	47.914981842041016	174	
