Test Case	Status	Run Time (ms)	Memory Usage (bytes)	Error Message
0	Success 游릭	18.238067626953125	294	
1	Success 游릭	18.496990203857422	337	
2	Success 游릭	17.90595054626465	339	
3	Success 游릭	17.431974411010742	337	
4	Success 游릭	17.251014709472656	337	
