Test Case	Status	Run Time (ms)	Memory Usage (bytes)	Error Message
0	Success 游릭	17.70186424255371	294	
1	Success 游릭	19.411802291870117	337	
2	Success 游릭	18.89514923095703	339	
3	Success 游릭	20.145893096923828	337	
4	Success 游릭	19.12999153137207	337	
