Test Case	Status	Run Time (ms)	Memory Usage (bytes)	Error Message
0	Success 游릭	19.56486701965332	278	
1	Success 游릭	19.518136978149414	280	
2	Success 游릭	18.61405372619629	287	
3	Success 游릭	18.649816513061523	280	
4	Success 游릭	18.373966217041016	350	
