Test Case	Status	Run Time (ms)	Memory Usage (bytes)	Error Message
0	Success 游릭	18.35489273071289	337	
1	Success 游릭	20.084857940673828	339	
2	Success 游릭	18.298864364624023	346	
3	Success 游릭	18.059968948364258	339	
4	Success 游릭	17.9140567779541	350	
