Test Case	Status	Run Time (ms)	Memory Usage (bytes)	Error Message
0	Success 游릭	19.858837127685547	337	
1	Success 游릭	20.170927047729492	338	
2	Success 游릭	19.61803436279297	339	
3	Success 游릭	20.783185958862305	294	
4	Success 游릭	20.095109939575195	294	
