Test Case	Status	Run Time (ms)	Memory Usage (bytes)	Error Message
0	Success 游릭	17.51089096069336	337	
1	Success 游릭	17.184019088745117	338	
2	Success 游릭	17.041921615600586	339	
3	Success 游릭	17.48800277709961	294	
4	Success 游릭	17.117023468017578	294	
