Test Case	Status	Run Time (ms)	Memory Usage (bytes)	Error Message
0	Success 游릭	49.65996742248535	174	
1	Success 游릭	49.961090087890625	175	
2	Success 游릭	49.32999610900879	176	
3	Success 游릭	50.89116096496582	123	
4	Success 游릭	52.757978439331055	123	
