Test Case	Status	Run Time (ms)	Memory Usage (bytes)	Error Message
0	Success 游릭	18.841028213500977	294	
1	Success 游릭	18.835783004760742	294	
2	Success 游릭	19.669055938720703	337	
3	Success 游릭	19.327163696289062	294	
4	Success 游릭	18.455982208251953	294	
