Test Case	Status	Run Time (ms)	Memory Usage (bytes)	Error Message
0	Success 游릭	57.990074157714844	123	
1	Success 游릭	57.991981506347656	123	
2	Success 游릭	63.810110092163086	174	
3	Success 游릭	62.95204162597656	123	
4	Success 游릭	68.57085227966309	123	
