Test Case	Status	Run Time (ms)	Memory Usage (bytes)	Error Message
0	Success 游릭	21.22974395751953	294	
1	Success 游릭	21.700143814086914	294	
2	Success 游릭	22.308826446533203	337	
3	Success 游릭	24.406909942626953	294	
4	Success 游릭	28.79810333251953	294	
