Test Case	Status	Run Time (ms)	Memory Usage (bytes)	Error Message
0	Success 游릭	17.291784286499023	341	
1	Success 游릭	17.310142517089844	341	
2	Success 游릭	17.14301109313965	341	
3	Success 游릭	17.566919326782227	341	
4	Success 游릭	17.281055450439453	341	
