Test Case	Status	Run Time (ms)	Memory Usage (bytes)	Error Message
0	Success 游릭	48.91204833984375	178	
1	Success 游릭	48.82407188415527	178	
2	Success 游릭	48.23112487792969	178	
3	Success 游릭	49.63183403015137	178	
4	Success 游릭	48.18105697631836	178	
