Test Case	Status	Run Time (ms)	Memory Usage (bytes)	Error Message
0	Success 游릭	17.154216766357422	341	
1	Success 游릭	17.16303825378418	282	
2	Success 游릭	17.509937286376953	282	
3	Success 游릭	17.30489730834961	282	
4	Success 游릭	16.96634292602539	282	
