Test Case	Status	Run Time (ms)	Memory Usage (bytes)	Error Message
0	Success 游릭	20.869016647338867	344	
1	Success 游릭	21.2857723236084	279	
2	Success 游릭	20.485877990722656	359	
3	Success 游릭	20.337343215942383	347	
4	Success 游릭	20.27273178100586	347	
