Test Case	Status	Run Time (ms)	Memory Usage (bytes)	Error Message
0	Success 游릭	49.002885818481445	181	
1	Success 游릭	48.78807067871094	175	
2	Success 游릭	49.10683631896973	196	
3	Success 游릭	50.53591728210449	184	
4	Success 游릭	49.48997497558594	227	
