Test Case	Status	Run Time (ms)	Memory Usage (bytes)	Error Message
0	Success 游릭	19.015073776245117	340	
1	Success 游릭	18.557071685791016	339	
2	Success 游릭	18.690109252929688	339	
3	Success 游릭	19.83785629272461	340	
4	Success 游릭	24.745941162109375	339	
