Test Case	Status	Run Time (ms)	Memory Usage (bytes)	Error Message
0	Success 游릭	20.522117614746094	294	
1	Success 游릭	20.50495147705078	294	
2	Success 游릭	20.302772521972656	294	
3	Success 游릭	20.343780517578125	294	
4	Success 游릭	20.019054412841797	294	
