Test Case	Status	Run Time (ms)	Memory Usage (bytes)	Error Message
0	Success 游릭	51.67508125305176	123	
1	Success 游릭	50.55832862854004	123	
2	Success 游릭	57.71994590759277	123	
3	Success 游릭	59.758901596069336	123	
4	Success 游릭	52.958011627197266	123	
