Test Case	Status	Run Time (ms)	Memory Usage (bytes)	Error Message
0	Success 游릭	18.157958984375	340	
1	Success 游릭	18.162250518798828	339	
2	Success 游릭	18.056869506835938	338	
3	Success 游릭	17.97008514404297	342	
4	Success 游릭	18.1732177734375	344	
