Test Case	Status	Run Time (ms)	Memory Usage (bytes)	Error Message
0	Success 游릭	20.19214630126953	339	
1	Success 游릭	19.572973251342773	337	
2	Success 游릭	19.481897354125977	339	
3	Success 游릭	20.9200382232666	363	
4	Success 游릭	19.98424530029297	340	
