Test Case	Status	Run Time (ms)	Memory Usage (bytes)	Error Message
0	Success 游릭	57.45100975036621	177	
1	Success 游릭	56.02383613586426	176	
2	Success 游릭	61.248064041137695	175	
3	Success 游릭	56.2589168548584	179	
4	Success 游릭	54.54277992248535	181	
