Test Case	Status	Run Time (ms)	Memory Usage (bytes)	Error Message
0	Success 游릭	49.751996994018555	176	
1	Success 游릭	49.96776580810547	174	
2	Success 游릭	47.75190353393555	176	
3	Success 游릭	49.69382286071777	176	
4	Success 游릭	51.65386199951172	177	
