Test Case	Status	Run Time (ms)	Memory Usage (bytes)	Error Message
0	Success 游릭	48.95806312561035	123	
1	Success 游릭	48.59590530395508	123	
2	Success 游릭	47.86825180053711	123	
3	Success 游릭	53.150177001953125	123	
4	Success 游릭	49.51786994934082	123	
