Test Case	Status	Run Time (ms)	Memory Usage (bytes)	Error Message
0	Success 游릭	18.292903900146484	294	
1	Success 游릭	18.615007400512695	294	
2	Success 游릭	18.209218978881836	235	
3	Success 游릭	18.768310546875	235	
4	Success 游릭	18.33510398864746	294	
