Test Case	Status	Run Time (ms)	Memory Usage (bytes)	Error Message
0	Success 游릭	51.49102210998535	123	
1	Success 游릭	49.45206642150879	175	
2	Success 游릭	49.523115158081055	175	
3	Success 游릭	49.44181442260742	123	
4	Success 游릭	49.74818229675293	176	
