Test Case	Status	Run Time (ms)	Memory Usage (bytes)	Error Message
0	Success 游릭	18.154144287109375	294	
1	Success 游릭	17.94910430908203	338	
2	Success 游릭	18.095970153808594	338	
3	Success 游릭	17.94886589050293	294	
4	Success 游릭	18.558979034423828	339	
