Test Case	Status	Run Time (ms)	Memory Usage (bytes)	Error Message
0	Success 游릭	19.829988479614258	359	
1	Success 游릭	19.7451114654541	337	
2	Success 游릭	19.772052764892578	337	
3	Success 游릭	19.58012580871582	356	
4	Success 游릭	19.524097442626953	345	
