Test Case	Status	Run Time (ms)	Memory Usage (bytes)	Error Message
0	Success 游릭	20.091772079467773	353	
1	Success 游릭	20.861387252807617	337	
2	Success 游릭	21.25406265258789	338	
3	Success 游릭	21.954774856567383	356	
4	Success 游릭	21.451950073242188	345	
