Test Case	Status	Run Time (ms)	Memory Usage (bytes)	Error Message
0	Success 游릭	50.102949142456055	190	
1	Success 游릭	48.97904396057129	174	
2	Success 游릭	49.85499382019043	175	
3	Success 游릭	52.052974700927734	193	
4	Success 游릭	55.27496337890625	182	
