Test Case	Status	Run Time (ms)	Memory Usage (bytes)	Error Message
0	Success 游릭	58.39896202087402	196	
1	Success 游릭	68.19510459899902	174	
2	Success 游릭	87.85891532897949	174	
3	Success 游릭	88.31119537353516	193	
4	Success 游릭	75.6838321685791	182	
