Test Case	Status	Run Time (ms)	Memory Usage (bytes)	Error Message
0	Success 游릭	18.106937408447266	340	
1	Success 游릭	18.45097541809082	339	
2	Success 游릭	18.494844436645508	339	
3	Success 游릭	17.72594451904297	339	
4	Success 游릭	17.711162567138672	340	
