Test Case	Status	Run Time (ms)	Memory Usage (bytes)	Error Message
0	Success 游릭	52.754878997802734	177	
1	Success 游릭	50.09102821350098	176	
2	Success 游릭	50.30393600463867	176	
3	Success 游릭	49.79300498962402	176	
4	Success 游릭	49.32522773742676	177	
