Test Case	Status	Run Time (ms)	Memory Usage (bytes)	Error Message
0	Success 游릭	18.72730255126953	338	
1	Success 游릭	18.05710792541504	339	
2	Success 游릭	18.65696907043457	337	
3	Success 游릭	18.5549259185791	294	
4	Success 游릭	18.494129180908203	294	
