Test Case	Status	Run Time (ms)	Memory Usage (bytes)	Error Message
0	Success 游릭	51.03802680969238	175	
1	Success 游릭	50.029754638671875	176	
2	Success 游릭	52.02293395996094	174	
3	Success 游릭	56.160926818847656	123	
4	Success 游릭	54.054975509643555	123	
