Test Case	Status	Run Time (ms)	Memory Usage (bytes)	Error Message
0	Success 游릭	19.2410945892334	294	
1	Success 游릭	19.2110538482666	337	
2	Success 游릭	19.312143325805664	339	
3	Success 游릭	19.416093826293945	337	
4	Success 游릭	18.985986709594727	337	
