Test Case	Status	Run Time (ms)	Memory Usage (bytes)	Error Message
0	Success 游릭	49.03602600097656	123	
1	Success 游릭	52.06108093261719	174	
2	Success 游릭	52.11305618286133	176	
3	Success 游릭	52.50906944274902	174	
4	Success 游릭	49.0419864654541	174	
