Test Case	Status	Run Time (ms)	Memory Usage (bytes)	Error Message
0	Success 游릭	18.300294876098633	337	
1	Success 游릭	18.10908317565918	339	
2	Success 游릭	18.310070037841797	346	
3	Success 游릭	18.620014190673828	339	
4	Success 游릭	18.674373626708984	350	
