Test Case	Status	Run Time (ms)	Memory Usage (bytes)	Error Message
0	Success 游릭	19.923925399780273	337	
1	Success 游릭	20.494937896728516	338	
2	Success 游릭	21.10910415649414	339	
3	Success 游릭	18.4478759765625	294	
4	Success 游릭	18.719196319580078	294	
