Test Case	Status	Run Time (ms)	Memory Usage (bytes)	Error Message
0	Success 游릭	50.86207389831543	174	
1	Success 游릭	55.89890480041504	175	
2	Success 游릭	49.69906806945801	176	
3	Success 游릭	50.72426795959473	123	
4	Success 游릭	53.90596389770508	123	
