Test Case	Status	Run Time (ms)	Memory Usage (bytes)	Error Message
0	Success 游릭	52.90699005126953	123	
1	Success 游릭	54.937124252319336	123	
2	Success 游릭	50.997018814086914	174	
3	Success 游릭	51.35202407836914	123	
4	Success 游릭	56.45895004272461	123	
