Test Case	Status	Run Time (ms)	Memory Usage (bytes)	Error Message
0	Success 游릭	20.962953567504883	294	
1	Success 游릭	21.69203758239746	294	
2	Success 游릭	21.973133087158203	337	
3	Success 游릭	21.044015884399414	294	
4	Success 游릭	20.463943481445312	294	
