Test Case	Status	Run Time (ms)	Memory Usage (bytes)	Error Message
0	Success 游릭	18.761873245239258	341	
1	Success 游릭	18.43094825744629	341	
2	Success 游릭	19.003868103027344	341	
3	Success 游릭	18.187999725341797	341	
4	Success 游릭	18.3408260345459	341	
