Test Case	Status	Run Time (ms)	Memory Usage (bytes)	Error Message
0	Success 游릭	48.94113540649414	178	
1	Success 游릭	47.58405685424805	178	
2	Success 游릭	48.16722869873047	178	
3	Success 游릭	47.64986038208008	178	
4	Success 游릭	51.896095275878906	178	
