Test Case	Status	Run Time (ms)	Memory Usage (bytes)	Error Message
0	Success 游릭	37.52326965332031	340	
1	Success 游릭	23.725032806396484	339	
2	Success 游릭	22.282123565673828	339	
3	Success 游릭	20.479917526245117	340	
4	Fail 游댮	2003.9780139923096	4950	Process timed out and was terminated
