Test Case	Status	Run Time (ms)	Memory Usage (bytes)	Error Message
0	Success 游릭	45.68672180175781	294	
1	Success 游릭	23.519039154052734	294	
2	Success 游릭	20.814895629882812	294	
3	Success 游릭	19.25802230834961	294	
4	Success 游릭	18.633127212524414	318	
