Test Case	Status	Run Time (ms)	Memory Usage (bytes)	Error Message
0	Success 游릭	74.03206825256348	123	
1	Success 游릭	62.52121925354004	123	
2	Success 游릭	88.46092224121094	123	
3	Success 游릭	70.2211856842041	123	
4	Success 游릭	62.78681755065918	123	
