Test Case	Status	Run Time (ms)	Memory Usage (bytes)	Error Message
0	Success 游릭	34.446001052856445	422	
1	Success 游릭	29.826879501342773	294	
2	Success 游릭	28.39183807373047	294	
3	Success 游릭	29.307842254638672	294	
4	Success 游릭	29.488801956176758	318	
