Test Case	Status	Run Time (ms)	Memory Usage (bytes)	Error Message
0	Success 游릭	46.389102935791016	339	
1	Success 游릭	25.309085845947266	337	
2	Success 游릭	23.0410099029541	339	
3	Success 游릭	20.342111587524414	339	
4	Success 游릭	19.38009262084961	340	
