Test Case	Status	Run Time (ms)	Memory Usage (bytes)	Error Message
0	Success 游릭	56.68997764587402	123	
1	Success 游릭	52.36673355102539	123	
2	Success 游릭	53.1010627746582	123	
3	Success 游릭	50.32014846801758	123	
4	Success 游릭	50.96101760864258	123	
