Test Case	Status	Run Time (ms)	Memory Usage (bytes)	Error Message
0	Success 游릭	62.033891677856445	176	
1	Success 游릭	64.58520889282227	174	
2	Success 游릭	59.13710594177246	176	
3	Success 游릭	58.54511260986328	176	
4	Success 游릭	58.4259033203125	177	
