Test Case	Status	Run Time (ms)	Memory Usage (bytes)	Error Message
0	Success 游릭	58.34603309631348	123	
1	Success 游릭	65.92416763305664	175	
2	Success 游릭	81.85434341430664	175	
3	Success 游릭	72.81184196472168	123	
4	Success 游릭	64.3150806427002	176	
