Test Case	Status	Run Time (ms)	Memory Usage (bytes)	Error Message
0	Success 游릭	45.079946517944336	294	
1	Success 游릭	29.227018356323242	338	
2	Success 游릭	26.681900024414062	338	
3	Success 游릭	25.304794311523438	294	
4	Success 游릭	26.809215545654297	339	
