Test Case	Status	Run Time (ms)	Memory Usage (bytes)	Error Message
0	Success 游릭	52.838802337646484	340	
1	Success 游릭	25.36916732788086	339	
2	Success 游릭	25.259017944335938	339	
3	Success 游릭	19.688844680786133	339	
4	Success 游릭	19.309043884277344	281	
