Test Case	Status	Run Time (ms)	Memory Usage (bytes)	Error Message
0	Success 游릭	61.257123947143555	177	
1	Success 游릭	50.54593086242676	176	
2	Success 游릭	49.55124855041504	176	
3	Success 游릭	50.51898956298828	176	
4	Success 游릭	51.07402801513672	177	
