Test Case	Status	Run Time (ms)	Memory Usage (bytes)	Error Message
0	Success 游릭	46.83327674865723	338	
1	Success 游릭	23.565053939819336	339	
2	Success 游릭	21.091222763061523	337	
3	Success 游릭	19.40011978149414	294	
4	Success 游릭	19.270896911621094	294	
