Test Case	Status	Run Time (ms)	Memory Usage (bytes)	Error Message
0	Success 游릭	60.69302558898926	175	
1	Success 游릭	56.83088302612305	176	
2	Success 游릭	56.134939193725586	174	
3	Success 游릭	57.977914810180664	123	
4	Success 游릭	60.382843017578125	123	
