Test Case	Status	Run Time (ms)	Memory Usage (bytes)	Error Message
0	Success 游릭	50.756216049194336	422	
1	Success 游릭	27.29010581970215	337	
2	Success 游릭	28.634071350097656	339	
3	Success 游릭	29.46782112121582	337	
4	Success 游릭	25.076866149902344	361	
