Test Case	Status	Run Time (ms)	Memory Usage (bytes)	Error Message
0	Success 游릭	61.490774154663086	123	
1	Success 游릭	55.550336837768555	174	
2	Success 游릭	51.02109909057617	176	
3	Success 游릭	49.983978271484375	174	
4	Success 游릭	49.455881118774414	174	
