Test Case	Status	Run Time (ms)	Memory Usage (bytes)	Error Message
0	Success 游릭	46.56100273132324	337	
1	Success 游릭	24.072885513305664	339	
2	Success 游릭	21.12102508544922	346	
3	Success 游릭	19.70195770263672	339	
4	Success 游릭	19.640684127807617	350	
