Test Case	Status	Run Time (ms)	Memory Usage (bytes)	Error Message
0	Success 游릭	49.50666427612305	337	
1	Success 游릭	22.437095642089844	338	
2	Success 游릭	21.14415168762207	339	
3	Success 游릭	21.319150924682617	294	
4	Success 游릭	24.62005615234375	294	
