Test Case	Status	Run Time (ms)	Memory Usage (bytes)	Error Message
0	Success 游릭	55.773019790649414	174	
1	Success 游릭	55.90200424194336	175	
2	Success 游릭	66.0700798034668	176	
3	Success 游릭	60.301780700683594	123	
4	Success 游릭	56.40101432800293	123	
