Test Case	Status	Run Time (ms)	Memory Usage (bytes)	Error Message
0	Success 游릭	66.76197052001953	123	
1	Success 游릭	51.81598663330078	123	
2	Success 游릭	53.5428524017334	174	
3	Success 游릭	55.19890785217285	123	
4	Success 游릭	51.48887634277344	123	
