Test Case	Status	Run Time (ms)	Memory Usage (bytes)	Error Message
0	Success 游릭	45.153141021728516	294	
1	Success 游릭	30.755996704101562	294	
2	Success 游릭	24.81985092163086	337	
3	Success 游릭	23.772239685058594	294	
4	Success 游릭	23.89812469482422	318	
