Test Case	Status	Run Time (ms)	Memory Usage (bytes)	Error Message
0	Success 游릭	43.821096420288086	453	
1	Success 游릭	27.45985984802246	365	
2	Success 游릭	22.332191467285156	365	
3	Success 游릭	21.25096321105957	365	
4	Fail 游댮	20.313024520874023	363	Incorrect output: None
