Test Case	Status	Run Time (ms)	Memory Usage (bytes)	Error Message
0	Success 游릭	55.67193031311035	1354	
1	Success 游릭	51.06019973754883	178	
2	Success 游릭	52.64735221862793	178	
3	Success 游릭	51.65982246398926	178	
4	Fail 游댮	55.14073371887207	176	Incorrect output: None
