Test Case	Status	Run Time (ms)	Memory Usage (bytes)	Error Message
0	Success 游릭	18.71013641357422	344	
1	Success 游릭	18.4018611907959	338	
2	Success 游릭	19.06609535217285	359	
3	Success 游릭	21.100997924804688	347	
4	Success 游릭	20.24078369140625	347	
