Test Case	Status	Run Time (ms)	Memory Usage (bytes)	Error Message
0	Success 游릭	20.23005485534668	344	
1	Success 游릭	20.40696144104004	338	
2	Success 游릭	21.398067474365234	359	
3	Success 游릭	20.3399658203125	347	
4	Success 游릭	19.958019256591797	347	
