Test Case	Status	Run Time (ms)	Memory Usage (bytes)	Error Message
0	Success 游릭	18.29695701599121	340	
1	Success 游릭	18.85700225830078	342	
2	Success 游릭	18.728017807006836	342	
3	Success 游릭	17.821073532104492	343	
4	Success 游릭	17.229795455932617	338	
