Test Case	Status	Run Time (ms)	Memory Usage (bytes)	Error Message
0	Success 游릭	50.19116401672363	181	
1	Success 游릭	53.29704284667969	175	
2	Success 游릭	49.73101615905762	196	
3	Success 游릭	49.38173294067383	184	
4	Success 游릭	51.439762115478516	184	
