Test Case	Status	Run Time (ms)	Memory Usage (bytes)	Error Message
0	Success 游릭	17.73214340209961	340	
1	Success 游릭	17.604827880859375	280	
2	Success 游릭	17.882823944091797	280	
3	Success 游릭	17.637252807617188	340	
4	Success 游릭	22.852182388305664	339	
