Test Case	Status	Run Time (ms)	Memory Usage (bytes)	Error Message
0	Success 游릭	19.85001564025879	340	
1	Success 游릭	18.69964599609375	339	
2	Success 游릭	18.572092056274414	339	
3	Success 游릭	17.988920211791992	340	
4	Success 游릭	23.751258850097656	339	
