Test Case	Status	Run Time (ms)	Memory Usage (bytes)	Error Message
0	Success 游릭	18.61405372619629	294	
1	Success 游릭	18.384933471679688	294	
2	Success 游릭	20.467042922973633	294	
3	Success 游릭	19.814729690551758	294	
4	Success 游릭	19.2110538482666	294	
