Test Case	Status	Run Time (ms)	Memory Usage (bytes)	Error Message
0	Success 游릭	21.443843841552734	294	
1	Success 游릭	20.353078842163086	294	
2	Success 游릭	19.951820373535156	294	
3	Success 游릭	20.019054412841797	294	
4	Success 游릭	20.38121223449707	294	
