Test Case	Status	Run Time (ms)	Memory Usage (bytes)	Error Message
0	Success 游릭	52.36506462097168	123	
1	Success 游릭	50.56309700012207	123	
2	Success 游릭	48.53010177612305	123	
3	Success 游릭	48.86198043823242	123	
4	Success 游릭	49.555063247680664	123	
