Test Case	Status	Run Time (ms)	Memory Usage (bytes)	Error Message
0	Success 游릭	20.0960636138916	340	
1	Success 游릭	19.52981948852539	339	
2	Success 游릭	19.230127334594727	338	
3	Success 游릭	18.351078033447266	342	
4	Success 游릭	18.6769962310791	344	
