Test Case	Status	Run Time (ms)	Memory Usage (bytes)	Error Message
0	Success 游릭	58.051109313964844	177	
1	Success 游릭	66.1311149597168	176	
2	Success 游릭	56.99014663696289	175	
3	Success 游릭	56.70976638793945	179	
4	Success 游릭	59.194087982177734	181	
