Test Case	Status	Run Time (ms)	Memory Usage (bytes)	Error Message
0	Success 游릭	49.369096755981445	176	
1	Success 游릭	52.217721939086914	174	
2	Success 游릭	49.10588264465332	176	
3	Success 游릭	47.91378974914551	176	
4	Success 游릭	47.8520393371582	177	
