Test Case	Status	Run Time (ms)	Memory Usage (bytes)	Error Message
0	Success 游릭	17.230749130249023	340	
1	Success 游릭	17.100095748901367	339	
2	Success 游릭	17.060041427612305	338	
3	Success 游릭	17.391204833984375	283	
4	Success 游릭	17.32492446899414	285	
