Test Case	Status	Run Time (ms)	Memory Usage (bytes)	Error Message
0	Success 游릭	17.78697967529297	294	
1	Success 游릭	17.690181732177734	294	
2	Success 游릭	17.770051956176758	294	
3	Success 游릭	18.023252487182617	294	
4	Success 游릭	17.74001121520996	294	
