Test Case	Status	Run Time (ms)	Memory Usage (bytes)	Error Message
0	Success 游릭	20.1871395111084	294	
1	Success 游릭	19.652843475341797	294	
2	Success 游릭	19.466876983642578	294	
3	Success 游릭	22.294044494628906	294	
4	Success 游릭	21.798133850097656	294	
