Test Case	Status	Run Time (ms)	Memory Usage (bytes)	Error Message
0	Success 游릭	49.82495307922363	123	
1	Success 游릭	51.053762435913086	123	
2	Success 游릭	49.672842025756836	123	
3	Success 游릭	51.85985565185547	123	
4	Success 游릭	48.49100112915039	123	
