Test Case	Status	Run Time (ms)	Memory Usage (bytes)	Error Message
0	Success 游릭	19.15597915649414	339	
1	Success 游릭	19.173145294189453	337	
2	Success 游릭	19.904136657714844	339	
3	Success 游릭	20.384788513183594	339	
4	Success 游릭	19.311904907226562	340	
