Test Case	Status	Run Time (ms)	Memory Usage (bytes)	Error Message
0	Success 游릭	19.04773712158203	280	
1	Success 游릭	19.134998321533203	278	
2	Success 游릭	19.171953201293945	339	
3	Success 游릭	20.796775817871094	339	
4	Success 游릭	19.978046417236328	281	
