Test Case	Status	Run Time (ms)	Memory Usage (bytes)	Error Message
0	Success 游릭	18.107175827026367	294	
1	Success 游릭	18.205881118774414	338	
2	Success 游릭	20.058155059814453	338	
3	Success 游릭	19.44565773010254	294	
4	Success 游릭	40.15493392944336	339	
