Test Case	Status	Run Time (ms)	Memory Usage (bytes)	Error Message
0	Success 游릭	17.220020294189453	294	
1	Success 游릭	17.023801803588867	338	
2	Success 游릭	17.23003387451172	338	
3	Success 游릭	17.633914947509766	294	
4	Success 游릭	17.26698875427246	339	
