Test Case	Status	Run Time (ms)	Memory Usage (bytes)	Error Message
0	Success 游릭	47.77860641479492	123	
1	Success 游릭	49.63517189025879	175	
2	Success 游릭	50.48394203186035	175	
3	Success 游릭	55.99212646484375	123	
4	Success 游릭	53.60007286071777	176	
