Test Case	Status	Run Time (ms)	Memory Usage (bytes)	Error Message
0	Success 游릭	19.742965698242188	353	
1	Success 游릭	21.034955978393555	337	
2	Success 游릭	20.381927490234375	338	
3	Success 游릭	20.29585838317871	356	
4	Success 游릭	20.018815994262695	345	
