Test Case	Status	Run Time (ms)	Memory Usage (bytes)	Error Message
0	Success 游릭	60.33682823181152	196	
1	Success 游릭	59.75699424743652	174	
2	Success 游릭	58.12191963195801	174	
3	Success 游릭	60.86015701293945	193	
4	Success 游릭	59.63921546936035	182	
