Test Case	Status	Run Time (ms)	Memory Usage (bytes)	Error Message
0	Success 游릭	61.51890754699707	190	
1	Success 游릭	52.7951717376709	174	
2	Success 游릭	53.65395545959473	175	
3	Success 游릭	52.35409736633301	193	
4	Success 游릭	51.85198783874512	182	
