Test Case	Status	Run Time (ms)	Memory Usage (bytes)	Error Message
0	Success 游릭	20.586013793945312	300	
1	Success 游릭	24.464845657348633	337	
2	Success 游릭	21.905899047851562	337	
3	Success 游릭	21.7130184173584	356	
4	Success 游릭	21.94809913635254	345	
