Test Case	Status	Run Time (ms)	Memory Usage (bytes)	Error Message
0	Success 游릭	19.639015197753906	359	
1	Success 游릭	19.335031509399414	278	
2	Success 游릭	20.83301544189453	337	
3	Success 游릭	19.902944564819336	356	
4	Success 游릭	19.26398277282715	345	
