Test Case	Status	Run Time (ms)	Memory Usage (bytes)	Error Message
0	Success 游릭	18.92995834350586	353	
1	Success 游릭	18.522262573242188	337	
2	Success 游릭	18.71800422668457	338	
3	Success 游릭	19.8671817779541	356	
4	Success 游릭	19.636869430541992	345	
