Test Case	Status	Run Time (ms)	Memory Usage (bytes)	Error Message
0	Success 游릭	18.486976623535156	340	
1	Success 游릭	18.352270126342773	339	
2	Success 游릭	18.558979034423828	339	
3	Success 游릭	19.448280334472656	339	
4	Success 游릭	19.716978073120117	340	
