Test Case	Status	Run Time (ms)	Memory Usage (bytes)	Error Message
0	Success 游릭	17.162084579467773	340	
1	Success 游릭	16.926288604736328	339	
2	Success 游릭	16.92509651184082	339	
3	Success 游릭	17.946958541870117	339	
4	Success 游릭	17.42100715637207	340	
