Test Case	Status	Run Time (ms)	Memory Usage (bytes)	Error Message
0	Success 游릭	50.08101463317871	177	
1	Success 游릭	51.805973052978516	176	
2	Success 游릭	50.772905349731445	176	
3	Success 游릭	49.1945743560791	176	
4	Success 游릭	50.32920837402344	177	
