Test Case	Status	Run Time (ms)	Memory Usage (bytes)	Error Message
0	Success 游릭	52.40797996520996	175	
1	Success 游릭	50.736188888549805	176	
2	Success 游릭	50.27484893798828	174	
3	Success 游릭	50.48513412475586	123	
4	Success 游릭	51.70774459838867	123	
