Test Case	Status	Run Time (ms)	Memory Usage (bytes)	Error Message
0	Success 游릭	18.434762954711914	338	
1	Success 游릭	18.14413070678711	339	
2	Success 游릭	19.756793975830078	337	
3	Success 游릭	19.330739974975586	294	
4	Success 游릭	19.30999755859375	294	
