Test Case	Status	Run Time (ms)	Memory Usage (bytes)	Error Message
0	Success 游릭	17.27581024169922	338	
1	Success 游릭	17.45319366455078	339	
2	Success 游릭	17.614126205444336	337	
3	Success 游릭	18.472909927368164	294	
4	Success 游릭	17.634868621826172	294	
