Test Case	Status	Run Time (ms)	Memory Usage (bytes)	Error Message
0	Success 游릭	17.487049102783203	294	
1	Success 游릭	17.323017120361328	337	
2	Success 游릭	17.38905906677246	339	
3	Success 游릭	17.572879791259766	337	
4	Success 游릭	17.075061798095703	337	
