Test Case	Status	Run Time (ms)	Memory Usage (bytes)	Error Message
0	Success 游릭	17.565011978149414	294	
1	Success 游릭	17.146825790405273	337	
2	Success 游릭	16.999006271362305	339	
3	Success 游릭	17.153024673461914	337	
4	Success 游릭	16.92986488342285	337	
