Test Case	Status	Run Time (ms)	Memory Usage (bytes)	Error Message
0	Success 游릭	48.4919548034668	123	
1	Success 游릭	48.71702194213867	174	
2	Success 游릭	49.248695373535156	176	
3	Success 游릭	48.2640266418457	174	
4	Success 游릭	48.615217208862305	174	
