Test Case	Status	Run Time (ms)	Memory Usage (bytes)	Error Message
0	Success 游릭	17.45891571044922	278	
1	Success 游릭	17.34018325805664	280	
2	Success 游릭	17.63606071472168	287	
3	Success 游릭	17.560958862304688	280	
4	Success 游릭	17.985105514526367	291	
