Test Case	Status	Run Time (ms)	Memory Usage (bytes)	Error Message
0	Success 游릭	18.27096939086914	337	
1	Success 游릭	19.768953323364258	339	
2	Success 游릭	19.01412010192871	346	
3	Success 游릭	18.72992515563965	339	
4	Success 游릭	18.66436004638672	350	
