Test Case	Status	Run Time (ms)	Memory Usage (bytes)	Error Message
0	Success 游릭	18.84603500366211	337	
1	Success 游릭	18.908977508544922	338	
2	Success 游릭	21.078109741210938	339	
3	Success 游릭	20.74408531188965	294	
4	Success 游릭	19.83475685119629	294	
