Test Case	Status	Run Time (ms)	Memory Usage (bytes)	Error Message
0	Success 游릭	17.485857009887695	337	
1	Success 游릭	17.262935638427734	338	
2	Success 游릭	17.333030700683594	339	
3	Success 游릭	17.383098602294922	294	
4	Success 游릭	17.612934112548828	294	
