Test Case	Status	Run Time (ms)	Memory Usage (bytes)	Error Message
0	Success 游릭	54.205894470214844	174	
1	Success 游릭	50.1408576965332	175	
2	Success 游릭	50.27890205383301	176	
3	Success 游릭	47.96314239501953	123	
4	Success 游릭	48.68292808532715	123	
