Test Case	Status	Run Time (ms)	Memory Usage (bytes)	Error Message
0	Success 游릭	18.74089241027832	294	
1	Success 游릭	18.578767776489258	294	
2	Success 游릭	18.682003021240234	337	
3	Success 游릭	18.605947494506836	294	
4	Success 游릭	18.552780151367188	294	
