Test Case	Status	Run Time (ms)	Memory Usage (bytes)	Error Message
0	Success 游릭	22.641897201538086	294	
1	Success 游릭	21.239042282104492	294	
2	Success 游릭	21.072864532470703	337	
3	Success 游릭	20.847797393798828	294	
4	Success 游릭	20.773887634277344	294	
