Test Case	Status	Run Time (ms)	Memory Usage (bytes)	Error Message
0	Success 游릭	57.30891227722168	123	
1	Success 游릭	56.46800994873047	123	
2	Success 游릭	56.37788772583008	174	
3	Success 游릭	54.8708438873291	123	
4	Success 游릭	54.718971252441406	123	
