Test Case	Status	Run Time (ms)	Memory Usage (bytes)	Error Message
0	Success 游릭	50.341129302978516	178	
1	Success 游릭	48.93302917480469	178	
2	Success 游릭	48.18105697631836	178	
3	Success 游릭	49.38983917236328	178	
4	Success 游릭	48.84195327758789	178	
