Test Case	Status	Run Time (ms)	Memory Usage (bytes)	Error Message
0	Success 游릭	17.891883850097656	341	
1	Success 游릭	17.984867095947266	341	
2	Success 游릭	18.16582679748535	341	
3	Success 游릭	17.598867416381836	341	
4	Success 游릭	17.33684539794922	341	
