Test Case	Status	Run Time (ms)	Memory Usage (bytes)	Error Message
0	Success 游릭	17.08388328552246	341	
1	Success 游릭	17.52781867980957	341	
2	Success 游릭	17.434120178222656	341	
3	Success 游릭	17.346858978271484	341	
4	Success 游릭	17.46511459350586	341	
