Test Case	Status	Run Time (ms)	Memory Usage (bytes)	Error Message
0	Success 游릭	20.197153091430664	344	
1	Success 游릭	19.42586898803711	338	
2	Success 游릭	22.853851318359375	359	
3	Success 游릭	22.205114364624023	347	
4	Success 游릭	20.47586441040039	347	
