Test Case	Status	Run Time (ms)	Memory Usage (bytes)	Error Message
0	Success 游릭	19.298791885375977	344	
1	Success 游릭	19.43206787109375	338	
2	Success 游릭	18.905162811279297	359	
3	Success 游릭	18.606901168823242	347	
4	Success 游릭	18.53203773498535	347	
