Test Case	Status	Run Time (ms)	Memory Usage (bytes)	Error Message
0	Success 游릭	54.13031578063965	181	
1	Success 游릭	50.604820251464844	175	
2	Success 游릭	50.5373477935791	196	
3	Success 游릭	48.71392250061035	184	
4	Success 游릭	48.77591133117676	184	
