Test Case	Status	Run Time (ms)	Memory Usage (bytes)	Error Message
0	Success 游릭	18.279075622558594	340	
1	Success 游릭	17.813920974731445	342	
2	Success 游릭	18.069028854370117	342	
3	Success 游릭	17.924070358276367	343	
4	Success 游릭	17.67110824584961	338	
