Test Case	Status	Run Time (ms)	Memory Usage (bytes)	Error Message
0	Success 游릭	18.864154815673828	340	
1	Success 游릭	19.04892921447754	339	
2	Success 游릭	19.172191619873047	339	
3	Success 游릭	18.909931182861328	340	
4	Success 游릭	24.509906768798828	339	
