Test Case	Status	Run Time (ms)	Memory Usage (bytes)	Error Message
0	Success 游릭	19.778966903686523	340	
1	Success 游릭	19.496917724609375	339	
2	Success 游릭	19.52075958251953	339	
3	Success 游릭	19.49596405029297	340	
4	Success 游릭	24.560213088989258	339	
