Test Case	Status	Run Time (ms)	Memory Usage (bytes)	Error Message
0	Success 游릭	20.53976058959961	294	
1	Success 游릭	20.270109176635742	294	
2	Success 游릭	20.640850067138672	294	
3	Success 游릭	20.57790756225586	294	
4	Success 游릭	20.581960678100586	294	
