Test Case	Status	Run Time (ms)	Memory Usage (bytes)	Error Message
0	Success 游릭	19.692182540893555	294	
1	Success 游릭	18.941164016723633	294	
2	Success 游릭	19.203901290893555	294	
3	Success 游릭	19.581317901611328	294	
4	Success 游릭	18.925189971923828	294	
