Test Case	Status	Run Time (ms)	Memory Usage (bytes)	Error Message
0	Success 游릭	51.445960998535156	123	
1	Success 游릭	64.05138969421387	123	
2	Success 游릭	54.273128509521484	123	
3	Success 游릭	51.93495750427246	123	
4	Success 游릭	55.13405799865723	123	
