Test Case	Status	Run Time (ms)	Memory Usage (bytes)	Error Message
0	Success 游릭	19.073009490966797	294	
1	Success 游릭	19.44899559020996	294	
2	Success 游릭	20.145893096923828	294	
3	Success 游릭	19.43230628967285	294	
4	Success 游릭	19.22607421875	294	
