Test Case	Status	Run Time (ms)	Memory Usage (bytes)	Error Message
0	Success 游릭	50.98700523376465	177	
1	Success 游릭	49.41391944885254	176	
2	Success 游릭	51.46312713623047	175	
3	Success 游릭	55.03201484680176	179	
4	Success 游릭	58.58802795410156	181	
