Test Case	Status	Run Time (ms)	Memory Usage (bytes)	Error Message
0	Success 游릭	17.351388931274414	340	
1	Success 游릭	17.360925674438477	339	
2	Success 游릭	17.208099365234375	338	
3	Success 游릭	17.383813858032227	342	
4	Success 游릭	17.2119140625	344	
