Test Case	Status	Run Time (ms)	Memory Usage (bytes)	Error Message
0	Success 游릭	58.87603759765625	123	
1	Success 游릭	56.391000747680664	123	
2	Success 游릭	56.210994720458984	123	
3	Success 游릭	50.1558780670166	123	
4	Success 游릭	48.45905303955078	123	
