Test Case	Status	Run Time (ms)	Memory Usage (bytes)	Error Message
0	Success 游릭	18.7530517578125	340	
1	Success 游릭	18.47100257873535	339	
2	Success 游릭	18.845081329345703	338	
3	Success 游릭	18.635034561157227	342	
4	Success 游릭	18.352985382080078	344	
