Test Case	Status	Run Time (ms)	Memory Usage (bytes)	Error Message
0	Success 游릭	19.529104232788086	280	
1	Success 游릭	19.207239151000977	337	
2	Success 游릭	19.112110137939453	280	
3	Success 游릭	19.33002471923828	339	
4	Success 游릭	18.877744674682617	340	
