Test Case	Status	Run Time (ms)	Memory Usage (bytes)	Error Message
0	Success 游릭	48.97189140319824	176	
1	Success 游릭	49.27396774291992	174	
2	Success 游릭	49.10087585449219	176	
3	Success 游릭	50.72307586669922	176	
4	Success 游릭	47.714948654174805	177	
