Test Case	Status	Run Time (ms)	Memory Usage (bytes)	Error Message
0	Success 游릭	20.290851593017578	294	
1	Success 游릭	19.717931747436523	294	
2	Success 游릭	19.90485191345215	294	
3	Success 游릭	20.286083221435547	294	
4	Success 游릭	19.82593536376953	294	
