Test Case	Status	Run Time (ms)	Memory Usage (bytes)	Error Message
0	Success 游릭	20.129919052124023	339	
1	Success 游릭	19.311904907226562	337	
2	Success 游릭	19.332170486450195	339	
3	Success 游릭	19.317150115966797	339	
4	Success 游릭	19.205093383789062	340	
