Test Case	Status	Run Time (ms)	Memory Usage (bytes)	Error Message
0	Success 游릭	18.433809280395508	294	
1	Success 游릭	18.568038940429688	338	
2	Success 游릭	18.56207847595215	338	
3	Success 游릭	18.438339233398438	294	
4	Success 游릭	17.80080795288086	280	
