Test Case	Status	Run Time (ms)	Memory Usage (bytes)	Error Message
0	Success 游릭	17.09294319152832	294	
1	Success 游릭	17.06385612487793	338	
2	Success 游릭	17.020225524902344	338	
3	Success 游릭	17.499923706054688	294	
4	Success 游릭	17.286300659179688	339	
