Test Case	Status	Run Time (ms)	Memory Usage (bytes)	Error Message
0	Success 游릭	57.90901184082031	123	
1	Success 游릭	51.53799057006836	175	
2	Success 游릭	51.956892013549805	175	
3	Success 游릭	53.02882194519043	123	
4	Success 游릭	49.6060848236084	176	
