Test Case	Status	Run Time (ms)	Memory Usage (bytes)	Error Message
0	Success 游릭	18.94998550415039	353	
1	Success 游릭	18.492937088012695	337	
2	Success 游릭	18.830060958862305	338	
3	Success 游릭	18.60809326171875	356	
4	Success 游릭	18.661022186279297	345	
