Test Case	Status	Run Time (ms)	Memory Usage (bytes)	Error Message
0	Success 游릭	20.785808563232422	300	
1	Success 游릭	20.700931549072266	337	
2	Success 游릭	20.621061325073242	337	
3	Success 游릭	20.572900772094727	356	
4	Success 游릭	19.355297088623047	345	
