Test Case	Status	Run Time (ms)	Memory Usage (bytes)	Error Message
0	Success 游릭	20.129919052124023	353	
1	Success 游릭	19.94180679321289	337	
2	Success 游릭	20.015239715576172	338	
3	Success 游릭	19.789934158325195	356	
4	Success 游릭	19.66381072998047	345	
