Test Case	Status	Run Time (ms)	Memory Usage (bytes)	Error Message
0	Success 游릭	20.85089683532715	300	
1	Success 游릭	20.652055740356445	278	
2	Success 游릭	21.10600471496582	278	
3	Success 游릭	20.89715003967285	297	
4	Success 游릭	20.7979679107666	286	
