Test Case	Status	Run Time (ms)	Memory Usage (bytes)	Error Message
0	Success 游릭	70.0540542602539	196	
1	Success 游릭	57.826995849609375	174	
2	Success 游릭	63.08722496032715	174	
3	Success 游릭	60.096025466918945	193	
4	Success 游릭	64.53084945678711	182	
