Test Case	Status	Run Time (ms)	Memory Usage (bytes)	Error Message
0	Success 游릭	51.64074897766113	190	
1	Success 游릭	50.482988357543945	174	
2	Success 游릭	50.218820571899414	175	
3	Success 游릭	49.76391792297363	238	
4	Success 游릭	51.9719123840332	182	
