Test Case	Status	Run Time (ms)	Memory Usage (bytes)	Error Message
0	Success 游릭	51.79595947265625	177	
1	Success 游릭	57.103872299194336	176	
2	Success 游릭	55.251121520996094	176	
3	Success 游릭	52.546024322509766	176	
4	Success 游릭	53.17378044128418	177	
