Test Case	Status	Run Time (ms)	Memory Usage (bytes)	Error Message
0	Success 游릭	17.338991165161133	340	
1	Success 游릭	17.13109016418457	339	
2	Success 游릭	17.401933670043945	280	
3	Success 游릭	17.125844955444336	339	
4	Success 游릭	17.052888870239258	340	
