Test Case	Status	Run Time (ms)	Memory Usage (bytes)	Error Message
0	Success 游릭	18.280029296875	340	
1	Success 游릭	18.325090408325195	339	
2	Success 游릭	17.93694496154785	339	
3	Success 游릭	18.323898315429688	339	
4	Success 游릭	18.39590072631836	340	
