Test Case	Status	Run Time (ms)	Memory Usage (bytes)	Error Message
0	Success 游릭	18.657207489013672	338	
1	Success 游릭	18.49818229675293	339	
2	Success 游릭	18.455028533935547	337	
3	Success 游릭	18.594026565551758	294	
4	Success 游릭	18.60213279724121	294	
