Test Case	Status	Run Time (ms)	Memory Usage (bytes)	Error Message
0	Success 游릭	52.56819725036621	175	
1	Success 游릭	49.658775329589844	176	
2	Success 游릭	53.8480281829834	174	
3	Success 游릭	54.38995361328125	123	
4	Success 游릭	51.71704292297363	123	
