Test Case	Status	Run Time (ms)	Memory Usage (bytes)	Error Message
0	Success 游릭	26.678085327148438	338	
1	Success 游릭	18.455028533935547	339	
2	Success 游릭	18.313169479370117	337	
3	Success 游릭	17.9901123046875	294	
4	Success 游릭	18.245220184326172	294	
