Test Case	Status	Run Time (ms)	Memory Usage (bytes)	Error Message
0	Success 游릭	17.817020416259766	294	
1	Success 游릭	17.50493049621582	337	
2	Success 游릭	17.606258392333984	339	
3	Success 游릭	17.375946044921875	337	
4	Success 游릭	17.177104949951172	337	
