Test Case	Status	Run Time (ms)	Memory Usage (bytes)	Error Message
0	Success 游릭	17.277956008911133	294	
1	Success 游릭	17.392873764038086	337	
2	Success 游릭	17.827987670898438	339	
3	Success 游릭	17.494916915893555	337	
4	Success 游릭	17.081022262573242	278	
