Test Case	Status	Run Time (ms)	Memory Usage (bytes)	Error Message
0	Success 游릭	52.61969566345215	123	
1	Success 游릭	51.70893669128418	174	
2	Success 游릭	50.55117607116699	176	
3	Success 游릭	49.117088317871094	174	
4	Success 游릭	47.41406440734863	174	
