Test Case	Status	Run Time (ms)	Memory Usage (bytes)	Error Message
0	Success 游릭	19.34194564819336	337	
1	Success 游릭	18.423795700073242	339	
2	Success 游릭	18.342018127441406	346	
3	Success 游릭	18.104076385498047	339	
4	Success 游릭	17.72594451904297	350	
