Test Case	Status	Run Time (ms)	Memory Usage (bytes)	Error Message
0	Success 游릭	17.444849014282227	278	
1	Success 游릭	17.320871353149414	280	
2	Success 游릭	17.640113830566406	287	
3	Success 游릭	17.43006706237793	280	
4	Success 游릭	17.211198806762695	291	
