Test Case	Status	Run Time (ms)	Memory Usage (bytes)	Error Message
0	Success 游릭	54.59403991699219	174	
1	Success 游릭	53.903818130493164	175	
2	Success 游릭	50.76313018798828	176	
3	Success 游릭	49.65710639953613	123	
4	Success 游릭	53.46202850341797	123	
