Test Case	Status	Run Time (ms)	Memory Usage (bytes)	Error Message
0	Success 游릭	18.1732177734375	337	
1	Success 游릭	17.993927001953125	338	
2	Success 游릭	17.918109893798828	339	
3	Success 游릭	17.988204956054688	294	
4	Success 游릭	17.763853073120117	294	
