Test Case	Status	Run Time (ms)	Memory Usage (bytes)	Error Message
0	Success 游릭	18.66912841796875	337	
1	Success 游릭	18.95928382873535	338	
2	Success 游릭	19.199132919311523	339	
3	Success 游릭	19.36793327331543	294	
4	Success 游릭	19.23203468322754	294	
