Test Case	Status	Run Time (ms)	Memory Usage (bytes)	Error Message
0	Success 游릭	18.71514320373535	294	
1	Success 游릭	18.60499382019043	294	
2	Success 游릭	21.771907806396484	337	
3	Success 游릭	22.411823272705078	294	
4	Success 游릭	21.274089813232422	235	
