Test Case	Status	Run Time (ms)	Memory Usage (bytes)	Error Message
0	Success 游릭	61.74492835998535	123	
1	Success 游릭	59.45301055908203	123	
2	Success 游릭	54.112911224365234	174	
3	Success 游릭	55.71579933166504	123	
4	Success 游릭	59.899091720581055	123	
