Test Case	Status	Run Time (ms)	Memory Usage (bytes)	Error Message
0	Success 游릭	23.813962936401367	294	
1	Success 游릭	29.808998107910156	294	
2	Success 游릭	25.32029151916504	337	
3	Success 游릭	25.538921356201172	294	
4	Success 游릭	28.397083282470703	294	
