Test Case	Status	Run Time (ms)	Memory Usage (bytes)	Error Message
0	Success 游릭	18.09406280517578	365	
1	Success 游릭	17.866134643554688	365	
2	Success 游릭	17.67706871032715	365	
3	Success 游릭	17.98415184020996	365	
4	Success 游릭	18.008708953857422	365	
