Test Case	Status	Run Time (ms)	Memory Usage (bytes)	Error Message
0	Success 游릭	49.95584487915039	178	
1	Success 游릭	47.6832389831543	178	
2	Success 游릭	48.16889762878418	178	
3	Success 游릭	48.218727111816406	178	
4	Success 游릭	49.299001693725586	178	
