Test Case	Status	Run Time (ms)	Memory Usage (bytes)	Error Message
0	Success 游릭	18.286943435668945	365	
1	Success 游릭	18.651723861694336	365	
2	Success 游릭	17.94290542602539	365	
3	Success 游릭	17.317771911621094	365	
4	Success 游릭	17.099857330322266	365	
