Test Case	Status	Run Time (ms)	Memory Usage (bytes)	Error Message
0	Success 游릭	51.32579803466797	181	
1	Success 游릭	50.86398124694824	175	
2	Success 游릭	50.012826919555664	196	
3	Success 游릭	53.173065185546875	184	
4	Success 游릭	53.809165954589844	184	
