Test Case	Status	Run Time (ms)	Memory Usage (bytes)	Error Message
0	Success 游릭	34.73305702209473	340	
1	Success 游릭	25.110960006713867	342	
2	Success 游릭	22.161245346069336	342	
3	Success 游릭	21.277904510498047	343	
4	Success 游릭	20.77007293701172	338	
