Test Case	Status	Run Time (ms)	Memory Usage (bytes)	Error Message
0	Success 游릭	43.43581199645996	344	
1	Success 游릭	25.292158126831055	338	
2	Success 游릭	22.689104080200195	359	
3	Success 游릭	21.279096603393555	347	
4	Success 游릭	20.6758975982666	347	
