Test Case	Status	Run Time (ms)	Memory Usage (bytes)	Error Message
0	Success 游릭	37.61100769042969	285	
1	Success 游릭	23.346900939941406	338	
2	Success 游릭	20.881175994873047	359	
3	Success 游릭	19.35577392578125	347	
4	Success 游릭	19.060134887695312	347	
