Test Case	Status	Run Time (ms)	Memory Usage (bytes)	Error Message
0	Success 游릭	36.42702102661133	340	
1	Success 游릭	23.827791213989258	339	
2	Success 游릭	20.982980728149414	339	
3	Success 游릭	20.13087272644043	340	
4	Success 游릭	24.998903274536133	339	
