Test Case	Status	Run Time (ms)	Memory Usage (bytes)	Error Message
0	Success 游릭	35.07685661315918	340	
1	Success 游릭	25.10213851928711	339	
2	Success 游릭	23.266077041625977	339	
3	Success 游릭	21.08597755432129	340	
4	Success 游릭	26.760339736938477	339	
