Test Case	Status	Run Time (ms)	Memory Usage (bytes)	Error Message
0	Success 游릭	50.75693130493164	123	
1	Success 游릭	48.77281188964844	123	
2	Success 游릭	51.987409591674805	123	
3	Success 游릭	52.236080169677734	123	
4	Success 游릭	53.127288818359375	123	
