Test Case	Status	Run Time (ms)	Memory Usage (bytes)	Error Message
0	Success 游릭	40.882110595703125	294	
1	Success 游릭	25.954008102416992	294	
2	Success 游릭	22.085905075073242	294	
3	Success 游릭	21.68416976928711	294	
4	Success 游릭	21.064043045043945	294	
