Test Case	Status	Run Time (ms)	Memory Usage (bytes)	Error Message
0	Success 游릭	27.647018432617188	235	
1	Success 游릭	22.874832153320312	235	
2	Success 游릭	21.905183792114258	235	
3	Success 游릭	21.253108978271484	235	
4	Success 游릭	20.676851272583008	235	
