Test Case	Status	Run Time (ms)	Memory Usage (bytes)	Error Message
0	Success 游릭	49.41296577453613	176	
1	Success 游릭	50.868988037109375	174	
2	Success 游릭	48.71225357055664	176	
3	Success 游릭	50.184011459350586	176	
4	Success 游릭	55.14407157897949	177	
