Test Case	Status	Run Time (ms)	Memory Usage (bytes)	Error Message
0	Success 游릭	61.930179595947266	123	
1	Success 游릭	48.74587059020996	123	
2	Success 游릭	50.29773712158203	123	
3	Success 游릭	53.015947341918945	123	
4	Success 游릭	53.10416221618652	123	
