Test Case	Status	Run Time (ms)	Memory Usage (bytes)	Error Message
0	Success 游릭	30.247211456298828	294	
1	Success 游릭	21.333932876586914	294	
2	Success 游릭	20.53093910217285	294	
3	Success 游릭	19.979000091552734	294	
4	Success 游릭	21.205902099609375	294	
