Test Case	Status	Run Time (ms)	Memory Usage (bytes)	Error Message
0	Success 游릭	41.290998458862305	340	
1	Success 游릭	22.649049758911133	339	
2	Success 游릭	19.149065017700195	279	
3	Success 游릭	17.628192901611328	342	
4	Success 游릭	17.300844192504883	285	
