Test Case	Status	Run Time (ms)	Memory Usage (bytes)	Error Message
0	Success 游릭	24.322032928466797	340	
1	Success 游릭	20.170927047729492	280	
2	Success 游릭	20.44081687927246	338	
3	Success 游릭	21.627187728881836	342	
4	Success 游릭	19.985198974609375	344	
