Test Case	Status	Run Time (ms)	Memory Usage (bytes)	Error Message
0	Success 游릭	21.616220474243164	294	
1	Success 游릭	19.355297088623047	294	
2	Success 游릭	18.50295066833496	294	
3	Success 游릭	18.5091495513916	294	
4	Success 游릭	18.19610595703125	294	
