Test Case	Status	Run Time (ms)	Memory Usage (bytes)	Error Message
0	Success 游릭	36.28802299499512	467	
1	Success 游릭	24.033784866333008	337	
2	Success 游릭	20.563125610351562	339	
3	Success 游릭	19.300222396850586	339	
4	Success 游릭	18.471240997314453	364	
