Test Case	Status	Run Time (ms)	Memory Usage (bytes)	Error Message
0	Success 游릭	59.14926528930664	177	
1	Success 游릭	51.45907402038574	176	
2	Success 游릭	50.6131649017334	175	
3	Success 游릭	52.38509178161621	179	
4	Success 游릭	51.62692070007324	181	
