Test Case	Status	Run Time (ms)	Memory Usage (bytes)	Error Message
0	Success 游릭	33.83016586303711	467	
1	Success 游릭	24.375200271606445	337	
2	Success 游릭	21.62313461303711	339	
3	Success 游릭	19.903898239135742	339	
4	Success 游릭	19.030094146728516	364	
