Test Case	Status	Run Time (ms)	Memory Usage (bytes)	Error Message
0	Success 游릭	62.69693374633789	123	
1	Success 游릭	62.84689903259277	290	
2	Success 游릭	51.95188522338867	175	
3	Success 游릭	51.531076431274414	123	
4	Success 游릭	49.468040466308594	176	
