Test Case	Status	Run Time (ms)	Memory Usage (bytes)	Error Message
0	Success 游릭	41.17298126220703	422	
1	Success 游릭	22.15886116027832	338	
2	Success 游릭	19.131898880004883	338	
3	Success 游릭	17.38905906677246	318	
4	Success 游릭	17.169952392578125	339	
