Test Case	Status	Run Time (ms)	Memory Usage (bytes)	Error Message
0	Success 游릭	40.785789489746094	422	
1	Success 游릭	22.931337356567383	338	
2	Success 游릭	20.289182662963867	338	
3	Success 游릭	19.158124923706055	318	
4	Success 游릭	18.464088439941406	280	
