Test Case	Status	Run Time (ms)	Memory Usage (bytes)	Error Message
0	Success 游릭	35.996198654174805	353	
1	Success 游릭	23.714065551757812	337	
2	Success 游릭	21.245956420898438	338	
3	Success 游릭	20.206689834594727	356	
4	Success 游릭	19.576072692871094	369	
