Test Case	Status	Run Time (ms)	Memory Usage (bytes)	Error Message
0	Success 游릭	60.224056243896484	196	
1	Success 游릭	65.24515151977539	174	
2	Success 游릭	62.47901916503906	174	
3	Success 游릭	67.74497032165527	193	
4	Success 游릭	65.83189964294434	182	
