Test Case	Status	Run Time (ms)	Memory Usage (bytes)	Error Message
0	Success 游릭	64.97406959533691	190	
1	Success 游릭	57.51514434814453	174	
2	Success 游릭	53.43890190124512	175	
3	Success 游릭	55.063724517822266	193	
4	Success 游릭	57.1749210357666	182	
