Test Case	Status	Run Time (ms)	Memory Usage (bytes)	Error Message
0	Success 游릭	42.47593879699707	487	
1	Success 游릭	29.467105865478516	337	
2	Success 游릭	26.11517906188965	337	
3	Success 游릭	25.66075325012207	356	
4	Success 游릭	24.64914321899414	369	
