Test Case	Status	Run Time (ms)	Memory Usage (bytes)	Error Message
0	Success 游릭	39.93487358093262	359	
1	Success 游릭	24.13797378540039	337	
2	Success 游릭	22.179841995239258	337	
3	Success 游릭	20.10202407836914	356	
4	Success 游릭	19.687891006469727	345	
