Test Case	Status	Run Time (ms)	Memory Usage (bytes)	Error Message
0	Success 游릭	38.72394561767578	353	
1	Success 游릭	23.012876510620117	337	
2	Success 游릭	20.238161087036133	338	
3	Success 游릭	18.65077018737793	356	
4	Success 游릭	18.64314079284668	369	
