Test Case	Status	Run Time (ms)	Memory Usage (bytes)	Error Message
0	Success 游릭	62.78681755065918	177	
1	Success 游릭	50.15683174133301	176	
2	Success 游릭	48.37489128112793	176	
3	Success 游릭	52.17099189758301	176	
4	Success 游릭	50.376176834106445	177	
