Test Case	Status	Run Time (ms)	Memory Usage (bytes)	Error Message
0	Success 游릭	42.61493682861328	468	
1	Success 游릭	23.576021194458008	339	
2	Success 游릭	21.08621597290039	339	
3	Success 游릭	18.53203773498535	339	
4	Success 游릭	18.69988441467285	364	
