Test Case	Status	Run Time (ms)	Memory Usage (bytes)	Error Message
0	Success 游릭	37.80102729797363	468	
1	Success 游릭	21.99101448059082	339	
2	Success 游릭	19.13928985595703	339	
3	Success 游릭	17.557382583618164	339	
4	Success 游릭	17.436981201171875	364	
