Test Case	Status	Run Time (ms)	Memory Usage (bytes)	Error Message
0	Success 游릭	29.443025588989258	338	
1	Success 游릭	22.782087326049805	339	
2	Success 游릭	20.447969436645508	337	
3	Success 游릭	19.673824310302734	294	
4	Success 游릭	19.187211990356445	318	
