Test Case	Status	Run Time (ms)	Memory Usage (bytes)	Error Message
0	Success 游릭	24.642229080200195	338	
1	Success 游릭	21.81386947631836	339	
2	Success 游릭	19.385099411010742	337	
3	Success 游릭	18.429994583129883	294	
4	Success 游릭	18.791913986206055	318	
