Test Case	Status	Run Time (ms)	Memory Usage (bytes)	Error Message
0	Success 游릭	62.90316581726074	175	
1	Success 游릭	60.78505516052246	176	
2	Success 游릭	57.515859603881836	174	
3	Success 游릭	63.318729400634766	123	
4	Success 游릭	61.87796592712402	123	
