Test Case	Status	Run Time (ms)	Memory Usage (bytes)	Error Message
0	Success 游릭	43.6558723449707	294	
1	Success 游릭	23.11110496520996	337	
2	Success 游릭	19.321918487548828	339	
3	Success 游릭	17.867565155029297	337	
4	Success 游릭	17.010927200317383	361	
