Test Case	Status	Run Time (ms)	Memory Usage (bytes)	Error Message
0	Success 游릭	36.05294227600098	294	
1	Success 游릭	22.05801010131836	337	
2	Success 游릭	19.114017486572266	339	
3	Success 游릭	17.343997955322266	337	
4	Success 游릭	17.379045486450195	361	
