Test Case	Status	Run Time (ms)	Memory Usage (bytes)	Error Message
0	Success 游릭	52.453041076660156	123	
1	Success 游릭	48.02513122558594	174	
2	Success 游릭	49.198150634765625	176	
3	Success 游릭	51.47123336791992	174	
4	Success 游릭	49.703121185302734	174	
