Test Case	Status	Run Time (ms)	Memory Usage (bytes)	Error Message
0	Success 游릭	40.010929107666016	465	
1	Success 游릭	22.840023040771484	339	
2	Success 游릭	19.73581314086914	346	
3	Success 游릭	17.81606674194336	339	
4	Success 游릭	17.26222038269043	374	
