Test Case	Status	Run Time (ms)	Memory Usage (bytes)	Error Message
0	Success 游릭	39.010047912597656	465	
1	Success 游릭	22.11594581604004	339	
2	Success 游릭	19.18625831604004	346	
3	Success 游릭	17.65918731689453	339	
4	Success 游릭	16.7539119720459	374	
