Test Case	Status	Run Time (ms)	Memory Usage (bytes)	Error Message
0	Success 游릭	28.970003128051758	465	
1	Success 游릭	25.3448486328125	338	
2	Success 游릭	24.84607696533203	339	
3	Success 游릭	25.57969093322754	294	
4	Success 游릭	24.328231811523438	318	
