Test Case	Status	Run Time (ms)	Memory Usage (bytes)	Error Message
0	Success 游릭	50.69684982299805	174	
1	Success 游릭	53.41315269470215	793	
2	Success 游릭	60.07790565490723	176	
3	Success 游릭	65.07706642150879	123	
4	Success 游릭	57.06214904785156	123	
