Test Case	Status	Run Time (ms)	Memory Usage (bytes)	Error Message
0	Success 游릭	37.0328426361084	465	
1	Success 游릭	23.11396598815918	338	
2	Success 游릭	21.080732345581055	339	
3	Success 游릭	19.36507225036621	294	
4	Success 游릭	18.647193908691406	318	
