Test Case	Status	Run Time (ms)	Memory Usage (bytes)	Error Message
0	Success 游릭	22.020816802978516	294	
1	Success 游릭	24.959087371826172	294	
2	Success 游릭	23.334980010986328	337	
3	Success 游릭	21.701812744140625	294	
4	Success 游릭	21.33917808532715	294	
