Test Case	Status	Run Time (ms)	Memory Usage (bytes)	Error Message
0	Success 游릭	39.26491737365723	294	
1	Success 游릭	23.78225326538086	294	
2	Success 游릭	20.364999771118164	337	
3	Success 游릭	18.82791519165039	294	
4	Success 游릭	18.441200256347656	294	
