Test Case	Status	Run Time (ms)	Memory Usage (bytes)	Error Message
0	Success 游릭	60.797929763793945	123	
1	Success 游릭	52.64687538146973	123	
2	Success 游릭	59.45277214050293	174	
3	Success 游릭	66.18213653564453	123	
4	Success 游릭	58.673858642578125	123	
