Test Case	Status	Run Time (ms)	Memory Usage (bytes)	Error Message
0	Success 游릭	41.24116897583008	405	
1	Success 游릭	22.759199142456055	365	
2	Success 游릭	21.101951599121094	365	
3	Success 游릭	18.898963928222656	365	
4	Success 游릭	18.22066307067871	365	
