Test Case	Status	Run Time (ms)	Memory Usage (bytes)	Error Message
0	Success 游릭	36.48114204406738	405	
1	Success 游릭	22.005081176757812	365	
2	Success 游릭	19.379854202270508	365	
3	Success 游릭	17.386913299560547	365	
4	Success 游릭	16.999006271362305	365	
