Test Case	Status	Run Time (ms)	Memory Usage (bytes)	Error Message
0	Success 游릭	56.64801597595215	370	
1	Success 游릭	55.094003677368164	178	
2	Success 游릭	53.62105369567871	178	
3	Success 游릭	50.3239631652832	178	
4	Success 游릭	50.62603950500488	178	
