Test Case	Status	Run Time (ms)	Memory Usage (bytes)	Error Message
0	Success 游릭	20.64990997314453	344	
1	Success 游릭	19.337892532348633	338	
2	Success 游릭	20.333051681518555	359	
3	Success 游릭	19.984006881713867	347	
4	Success 游릭	19.780874252319336	347	
