Test Case	Status	Run Time (ms)	Memory Usage (bytes)	Error Message
0	Success 游릭	19.155025482177734	344	
1	Success 游릭	18.555164337158203	338	
2	Success 游릭	19.52195167541504	359	
3	Success 游릭	19.444942474365234	347	
4	Success 游릭	18.830060958862305	347	
