Test Case	Status	Run Time (ms)	Memory Usage (bytes)	Error Message
0	Success 游릭	22.82094955444336	340	
1	Success 游릭	20.33209800720215	342	
2	Success 游릭	19.35124397277832	342	
3	Success 游릭	18.800973892211914	343	
4	Success 游릭	18.37921142578125	338	
