Test Case	Status	Run Time (ms)	Memory Usage (bytes)	Error Message
0	Success 游릭	50.948143005371094	181	
1	Success 游릭	49.063920974731445	175	
2	Success 游릭	49.100637435913086	196	
3	Success 游릭	51.651954650878906	184	
4	Success 游릭	49.22199249267578	184	
