Test Case	Status	Run Time (ms)	Memory Usage (bytes)	Error Message
0	Success 游릭	17.676830291748047	340	
1	Success 游릭	17.187118530273438	339	
2	Success 游릭	17.116785049438477	339	
3	Success 游릭	17.35711097717285	340	
4	Success 游릭	23.30803871154785	339	
