Test Case	Status	Run Time (ms)	Memory Usage (bytes)	Error Message
0	Success 游릭	22.328615188598633	340	
1	Success 游릭	21.708965301513672	339	
2	Success 游릭	21.529197692871094	339	
3	Success 游릭	21.27838134765625	340	
4	Success 游릭	26.807069778442383	339	
