Test Case	Status	Run Time (ms)	Memory Usage (bytes)	Error Message
0	Success 游릭	19.147872924804688	294	
1	Success 游릭	18.698930740356445	294	
2	Success 游릭	18.599271774291992	294	
3	Success 游릭	19.00315284729004	294	
4	Success 游릭	18.74399185180664	294	
