Test Case	Status	Run Time (ms)	Memory Usage (bytes)	Error Message
0	Success 游릭	22.728919982910156	294	
1	Success 游릭	43.82801055908203	294	
2	Success 游릭	20.66206932067871	294	
3	Success 游릭	20.66802978515625	294	
4	Success 游릭	20.940065383911133	235	
