Test Case	Status	Run Time (ms)	Memory Usage (bytes)	Error Message
0	Success 游릭	61.31410598754883	123	
1	Success 游릭	61.92517280578613	123	
2	Success 游릭	58.90703201293945	123	
3	Success 游릭	63.503265380859375	123	
4	Success 游릭	55.53889274597168	123	
