Test Case	Status	Run Time (ms)	Memory Usage (bytes)	Error Message
0	Success 游릭	24.731874465942383	294	
1	Success 游릭	21.82483673095703	294	
2	Success 游릭	35.60996055603027	294	
3	Success 游릭	32.21893310546875	294	
4	Success 游릭	22.314071655273438	294	
