Test Case	Status	Run Time (ms)	Memory Usage (bytes)	Error Message
0	Success 游릭	19.773006439208984	340	
1	Success 游릭	18.934249877929688	339	
2	Success 游릭	17.680883407592773	338	
3	Success 游릭	17.19212532043457	342	
4	Success 游릭	17.71712303161621	344	
