Test Case	Status	Run Time (ms)	Memory Usage (bytes)	Error Message
0	Success 游릭	55.23085594177246	123	
1	Success 游릭	48.53987693786621	123	
2	Success 游릭	48.94399642944336	746	
3	Success 游릭	48.03800582885742	123	
4	Success 游릭	49.653053283691406	123	
