Test Case	Status	Run Time (ms)	Memory Usage (bytes)	Error Message
0	Success 游릭	20.133018493652344	339	
1	Success 游릭	19.454002380371094	337	
2	Success 游릭	19.290924072265625	339	
3	Success 游릭	19.333839416503906	339	
4	Success 游릭	19.3328857421875	340	
