Test Case	Status	Run Time (ms)	Memory Usage (bytes)	Error Message
0	Success 游릭	51.542043685913086	176	
1	Success 游릭	48.19607734680176	174	
2	Success 游릭	47.8520393371582	176	
3	Success 游릭	48.55799674987793	176	
4	Success 游릭	47.82605171203613	177	
