Test Case	Status	Run Time (ms)	Memory Usage (bytes)	Error Message
0	Success 游릭	26.9467830657959	340	
1	Success 游릭	24.58786964416504	339	
2	Success 游릭	22.377967834472656	338	
3	Success 游릭	21.795034408569336	342	
4	Success 游릭	21.950244903564453	344	
