Test Case	Status	Run Time (ms)	Memory Usage (bytes)	Error Message
0	Success 游릭	52.07395553588867	177	
1	Success 游릭	48.91490936279297	176	
2	Success 游릭	50.171852111816406	175	
3	Success 游릭	49.42727088928223	179	
4	Success 游릭	48.22206497192383	181	
