Test Case	Status	Run Time (ms)	Memory Usage (bytes)	Error Message
0	Success 游릭	19.832849502563477	339	
1	Success 游릭	19.256114959716797	337	
2	Success 游릭	19.199132919311523	339	
3	Success 游릭	19.236087799072266	339	
4	Success 游릭	18.882036209106445	340	
