Test Case	Status	Run Time (ms)	Memory Usage (bytes)	Error Message
0	Success 游릭	19.832849502563477	294	
1	Success 游릭	19.43492889404297	294	
2	Success 游릭	18.856287002563477	294	
3	Success 游릭	18.416166305541992	294	
4	Success 游릭	18.786907196044922	294	
