Test Case	Status	Run Time (ms)	Memory Usage (bytes)	Error Message
0	Success 游릭	17.808914184570312	294	
1	Success 游릭	17.006874084472656	338	
2	Success 游릭	17.555952072143555	338	
3	Success 游릭	17.601966857910156	294	
4	Success 游릭	17.28200912475586	339	
