Test Case	Status	Run Time (ms)	Memory Usage (bytes)	Error Message
0	Success 游릭	52.62017250061035	123	
1	Success 游릭	53.61366271972656	175	
2	Success 游릭	55.24611473083496	175	
3	Success 游릭	54.379940032958984	123	
4	Success 游릭	56.08010292053223	176	
