Test Case	Status	Run Time (ms)	Memory Usage (bytes)	Error Message
0	Success 游릭	24.346113204956055	294	
1	Success 游릭	21.716833114624023	338	
2	Success 游릭	21.29197120666504	338	
3	Success 游릭	22.519588470458984	294	
4	Success 游릭	20.09105682373047	339	
