Test Case	Status	Run Time (ms)	Memory Usage (bytes)	Error Message
0	Success 游릭	19.268035888671875	353	
1	Success 游릭	18.50605010986328	337	
2	Success 游릭	19.311189651489258	338	
3	Success 游릭	19.30689811706543	356	
4	Success 游릭	18.671035766601562	345	
