Test Case	Status	Run Time (ms)	Memory Usage (bytes)	Error Message
0	Success 游릭	20.479202270507812	353	
1	Success 游릭	20.3859806060791	337	
2	Success 游릭	19.9129581451416	338	
3	Success 游릭	19.958972930908203	356	
4	Success 游릭	19.978046417236328	345	
