Test Case	Status	Run Time (ms)	Memory Usage (bytes)	Error Message
0	Success 游릭	21.553754806518555	359	
1	Success 游릭	20.450830459594727	337	
2	Success 游릭	20.73383331298828	337	
3	Success 游릭	20.972013473510742	356	
4	Success 游릭	20.727157592773438	345	
