Test Case	Status	Run Time (ms)	Memory Usage (bytes)	Error Message
0	Success 游릭	53.848981857299805	196	
1	Success 游릭	48.7370491027832	174	
2	Success 游릭	51.44000053405762	174	
3	Success 游릭	53.693294525146484	193	
4	Success 游릭	51.86295509338379	182	
