Test Case	Status	Run Time (ms)	Memory Usage (bytes)	Error Message
0	Success 游릭	63.23099136352539	190	
1	Success 游릭	54.03494834899902	174	
2	Success 游릭	50.64129829406738	175	
3	Success 游릭	50.89402198791504	193	
4	Success 游릭	49.43108558654785	182	
