Test Case	Status	Run Time (ms)	Memory Usage (bytes)	Error Message
0	Success 游릭	32.71985054016113	359	
1	Success 游릭	23.97608757019043	337	
2	Success 游릭	22.611141204833984	337	
3	Success 游릭	21.32582664489746	356	
4	Success 游릭	21.426916122436523	345	
