Test Case	Status	Run Time (ms)	Memory Usage (bytes)	Error Message
0	Success 游릭	52.37603187561035	177	
1	Success 游릭	51.635026931762695	176	
2	Success 游릭	51.82218551635742	176	
3	Success 游릭	50.17900466918945	176	
4	Success 游릭	51.37014389038086	177	
