Test Case	Status	Run Time (ms)	Memory Usage (bytes)	Error Message
0	Success 游릭	19.37103271484375	340	
1	Success 游릭	18.618106842041016	339	
2	Success 游릭	18.721818923950195	339	
3	Success 游릭	18.725872039794922	339	
4	Success 游릭	18.525123596191406	340	
