Test Case	Status	Run Time (ms)	Memory Usage (bytes)	Error Message
0	Success 游릭	17.98415184020996	340	
1	Success 游릭	17.253875732421875	339	
2	Success 游릭	17.18902587890625	339	
3	Success 游릭	17.12775230407715	339	
4	Success 游릭	17.105817794799805	340	
