Test Case	Status	Run Time (ms)	Memory Usage (bytes)	Error Message
0	Success 游릭	59.39793586730957	175	
1	Success 游릭	57.49392509460449	176	
2	Success 游릭	57.64508247375488	174	
3	Success 游릭	55.48691749572754	123	
4	Success 游릭	54.647207260131836	123	
