Test Case	Status	Run Time (ms)	Memory Usage (bytes)	Error Message
0	Success 游릭	18.01609992980957	279	
1	Success 游릭	17.33684539794922	280	
2	Success 游릭	17.028093338012695	337	
3	Success 游릭	17.512083053588867	294	
4	Success 游릭	17.047882080078125	235	
