Test Case	Status	Run Time (ms)	Memory Usage (bytes)	Error Message
0	Success 游릭	20.824909210205078	338	
1	Success 游릭	20.670175552368164	339	
2	Success 游릭	20.2329158782959	337	
3	Success 游릭	19.5920467376709	294	
4	Success 游릭	18.908262252807617	294	
