Test Case	Status	Run Time (ms)	Memory Usage (bytes)	Error Message
0	Success 游릭	17.673969268798828	294	
1	Success 游릭	16.997814178466797	337	
2	Success 游릭	17.171859741210938	339	
3	Success 游릭	17.286062240600586	337	
4	Success 游릭	17.513036727905273	337	
