Test Case	Status	Run Time (ms)	Memory Usage (bytes)	Error Message
0	Success 游릭	48.91228675842285	123	
1	Success 游릭	49.20005798339844	174	
2	Success 游릭	48.110246658325195	176	
3	Success 游릭	49.84712600708008	174	
4	Success 游릭	48.187971115112305	174	
