Test Case	Status	Run Time (ms)	Memory Usage (bytes)	Error Message
0	Success 游릭	17.48490333557129	294	
1	Success 游릭	17.110109329223633	337	
2	Success 游릭	17.63296127319336	339	
3	Success 游릭	17.734050750732422	337	
4	Success 游릭	17.28200912475586	337	
