Test Case	Status	Run Time (ms)	Memory Usage (bytes)	Error Message
0	Success 游릭	17.99607276916504	337	
1	Success 游릭	17.10200309753418	339	
2	Success 游릭	17.48800277709961	346	
3	Success 游릭	17.338275909423828	339	
4	Success 游릭	17.13275909423828	350	
