Test Case	Status	Run Time (ms)	Memory Usage (bytes)	Error Message
0	Success 游릭	20.988941192626953	337	
1	Success 游릭	21.30293846130371	339	
2	Success 游릭	19.53887939453125	346	
3	Success 游릭	19.52219009399414	339	
4	Success 游릭	18.881797790527344	350	
