Test Case	Status	Run Time (ms)	Memory Usage (bytes)	Error Message
0	Success 游릭	56.484222412109375	174	
1	Success 游릭	50.61697959899902	175	
2	Success 游릭	50.70376396179199	176	
3	Success 游릭	49.35812950134277	576	
4	Success 游릭	48.59185218811035	123	
