Test Case	Status	Run Time (ms)	Memory Usage (bytes)	Error Message
0	Success 游릭	18.36395263671875	337	
1	Success 游릭	17.76599884033203	338	
2	Success 游릭	17.41313934326172	339	
3	Success 游릭	17.328739166259766	294	
4	Success 游릭	16.963720321655273	294	
