Test Case	Status	Run Time (ms)	Memory Usage (bytes)	Error Message
0	Success 游릭	20.483732223510742	337	
1	Success 游릭	20.099878311157227	338	
2	Success 游릭	19.215106964111328	339	
3	Success 游릭	19.131898880004883	294	
4	Success 游릭	18.83101463317871	294	
