Test Case	Status	Run Time (ms)	Memory Usage (bytes)	Error Message
0	Success 游릭	68.03393363952637	294	
1	Success 游릭	36.972761154174805	294	
2	Success 游릭	23.274898529052734	337	
3	Success 游릭	22.411108016967773	294	
4	Success 游릭	22.637128829956055	294	
