Test Case	Status	Run Time (ms)	Memory Usage (bytes)	Error Message
0	Success 游릭	53.061723709106445	123	
1	Success 游릭	51.49102210998535	123	
2	Success 游릭	49.09324645996094	174	
3	Success 游릭	49.58701133728027	123	
4	Success 游릭	51.396846771240234	123	
