Test Case	Status	Run Time (ms)	Memory Usage (bytes)	Error Message
0	Success 游릭	18.68295669555664	235	
1	Success 游릭	18.82314682006836	235	
2	Success 游릭	18.557071685791016	337	
3	Success 游릭	19.026994705200195	294	
4	Success 游릭	18.67389678955078	294	
