Test Case	Status	Run Time (ms)	Memory Usage (bytes)	Error Message
0	Success 游릭	29.355764389038086	1626	
1	Success 游릭	23.061037063598633	282	
2	Success 游릭	22.03989028930664	365	
3	Success 游릭	21.20232582092285	365	
4	Success 游릭	18.958091735839844	365	
