Test Case	Status	Run Time (ms)	Memory Usage (bytes)	Error Message
0	Success 游릭	26.99899673461914	1685	
1	Success 游릭	21.602153778076172	341	
2	Success 游릭	21.331071853637695	365	
3	Success 游릭	21.183013916015625	365	
4	Success 游릭	20.776987075805664	365	
