Test Case	Status	Run Time (ms)	Memory Usage (bytes)	Error Message
0	Success 游릭	65.66500663757324	14298	
1	Success 游릭	53.092002868652344	242	
2	Success 游릭	48.996925354003906	242	
3	Success 游릭	49.63111877441406	242	
4	Success 游릭	47.0280647277832	242	
